timestamp,open,high,low,close,volume
2025-05-10 06:00:00,24.51000000,25.41000000,24.31000000,25.34000000,412229.29200000
2025-05-10 10:00:00,25.34000000,25.73000000,25.05000000,25.22000000,487005.90700000
2025-05-10 14:00:00,25.22000000,25.65000000,24.87000000,24.90000000,827838.89000000
2025-05-10 18:00:00,24.90000000,25.48000000,24.86000000,25.32000000,727790.05600000
2025-05-10 22:00:00,25.32000000,26.38000000,25.21000000,26.29000000,387119.47300000
2025-05-11 02:00:00,26.29000000,26.56000000,25.24000000,25.28000000,655358.13400000
2025-05-11 06:00:00,25.28000000,25.59000000,23.72000000,23.97000000,686371.36000000
2025-05-11 10:00:00,23.97000000,24.99000000,23.94000000,24.92000000,623138.80100000
2025-05-11 14:00:00,24.92000000,25.04000000,23.77000000,23.94000000,1160537.39800000
2025-05-11 18:00:00,23.94000000,25.22000000,23.82000000,24.50000000,532816.47000000
2025-05-11 22:00:00,24.50000000,25.27000000,24.48000000,24.88000000,315365.98400000
2025-05-12 02:00:00,24.88000000,25.21000000,24.25000000,24.69000000,355174.45800000
2025-05-12 06:00:00,24.69000000,25.70000000,24.51000000,24.85000000,471642.55200000
2025-05-12 10:00:00,24.85000000,25.56000000,24.61000000,24.68000000,630447.06200000
2025-05-12 14:00:00,24.68000000,25.42000000,24.46000000,24.48000000,769145.20600000
2025-05-12 18:00:00,24.48000000,24.72000000,23.23000000,24.29000000,996443.70500000
2025-05-12 22:00:00,24.29000000,25.09000000,24.16000000,24.85000000,358343.66000000
2025-05-13 02:00:00,24.85000000,24.86000000,23.40000000,23.59000000,547913.27900000
2025-05-13 06:00:00,23.59000000,24.68000000,23.51000000,24.67000000,429377.49300000
2025-05-13 10:00:00,24.67000000,25.21000000,24.66000000,25.06000000,417811.22100000
2025-05-13 14:00:00,25.06000000,25.66000000,24.67000000,25.28000000,539943.69100000
2025-05-13 18:00:00,25.28000000,26.44000000,25.18000000,26.28000000,569464.69700000
2025-05-13 22:00:00,26.28000000,26.32000000,25.73000000,25.81000000,376680.09100000
2025-05-14 02:00:00,25.81000000,25.99000000,25.35000000,25.62000000,233732.69900000
2025-05-14 06:00:00,25.62000000,26.23000000,25.46000000,25.82000000,480938.81700000
2025-05-14 10:00:00,25.82000000,25.96000000,25.11000000,25.49000000,403783.89300000
2025-05-14 14:00:00,25.49000000,25.77000000,25.10000000,25.65000000,343674.33400000
2025-05-14 18:00:00,25.65000000,25.73000000,24.62000000,25.11000000,463272.96000000
2025-05-14 22:00:00,25.11000000,25.26000000,24.88000000,25.20000000,120929.91000000
2025-05-15 02:00:00,25.20000000,25.60000000,24.76000000,24.81000000,250050.81900000
2025-05-15 06:00:00,24.81000000,25.05000000,24.30000000,24.33000000,337193.32900000
2025-05-15 10:00:00,24.33000000,25.03000000,24.29000000,24.88000000,627422.53400000
2025-05-15 14:00:00,24.88000000,25.39000000,24.41000000,25.36000000,361743.08900000
2025-05-15 18:00:00,25.36000000,26.20000000,25.18000000,25.60000000,473305.46600000
2025-05-15 22:00:00,25.60000000,26.24000000,25.41000000,26.16000000,418699.51000000
2025-05-16 02:00:00,26.16000000,27.21000000,25.79000000,26.95000000,584022.95500000
2025-05-16 06:00:00,26.95000000,26.97000000,26.45000000,26.75000000,368513.02300000
2025-05-16 10:00:00,26.75000000,27.02000000,26.23000000,26.81000000,383793.23000000
2025-05-16 14:00:00,26.81000000,27.76000000,26.53000000,27.76000000,1081632.27100000
2025-05-16 18:00:00,27.76000000,28.29000000,27.43000000,27.81000000,1122338.30300000
2025-05-16 22:00:00,27.81000000,27.87000000,26.79000000,26.83000000,595064.55300000
2025-05-17 02:00:00,26.83000000,27.45000000,26.27000000,27.44000000,546334.73200000
2025-05-17 06:00:00,27.44000000,27.71000000,26.62000000,26.63000000,562427.71200000
2025-05-17 10:00:00,26.63000000,27.62000000,26.47000000,27.31000000,436510.20500000
2025-05-17 14:00:00,27.31000000,27.33000000,26.15000000,26.42000000,634683.74900000
2025-05-17 18:00:00,26.42000000,26.57000000,25.85000000,25.91000000,412430.87400000
2025-05-17 22:00:00,25.91000000,26.11000000,25.69000000,25.89000000,223675.48800000
2025-05-18 02:00:00,25.89000000,26.61000000,25.91000000,26.40000000,154005.32800000
2025-05-18 06:00:00,26.40000000,27.26000000,26.31000000,27.02000000,500673.00300000
2025-05-18 10:00:00,27.02000000,27.18000000,26.55000000,26.92000000,399377.26100000
2025-05-18 14:00:00,26.92000000,27.33000000,26.69000000,27.00000000,565074.78900000
2025-05-18 18:00:00,27.00000000,27.10000000,25.98000000,26.11000000,764828.97600000
2025-05-18 22:00:00,26.11000000,27.28000000,25.82000000,27.12000000,434153.43500000
2025-05-19 02:00:00,27.12000000,27.31000000,25.85000000,25.90000000,326511.46100000
2025-05-19 06:00:00,25.90000000,26.33000000,25.30000000,26.11000000,461714.07900000
2025-05-19 10:00:00,26.11000000,26.32000000,25.30000000,25.51000000,205368.43500000
2025-05-19 14:00:00,25.51000000,26.25000000,25.13000000,25.80000000,779604.25700000
2025-05-19 18:00:00,25.80000000,26.56000000,25.65000000,26.55000000,503119.11700000
2025-05-19 22:00:00,26.55000000,26.86000000,26.20000000,26.53000000,294061.53100000
2025-05-20 02:00:00,26.53000000,27.00000000,26.29000000,26.64000000,326011.14900000
2025-05-20 06:00:00,26.64000000,26.75000000,26.38000000,26.45000000,367186.51800000
2025-05-20 10:00:00,26.45000000,26.74000000,26.07000000,26.10000000,391050.27600000
2025-05-20 14:00:00,26.10000000,26.17000000,25.53000000,26.04000000,667249.24900000
2025-05-20 18:00:00,26.04000000,26.24000000,25.43000000,25.97000000,704862.72400000
2025-05-20 22:00:00,25.97000000,26.54000000,25.77000000,26.52000000,295872.62300000
2025-05-21 02:00:00,26.52000000,26.56000000,26.05000000,26.49000000,257261.04700000
2025-05-21 06:00:00,26.49000000,26.77000000,26.15000000,26.26000000,444024.38300000
2025-05-21 10:00:00,26.26000000,26.76000000,26.20000000,26.63000000,232281.76400000
2025-05-21 14:00:00,26.63000000,27.74000000,26.30000000,27.74000000,671770.78800000
2025-05-21 18:00:00,27.74000000,28.19000000,26.81000000,28.06000000,938009.52300000
2025-05-21 22:00:00,28.06000000,28.38000000,27.50000000,28.33000000,505355.97800000
2025-05-22 02:00:00,28.33000000,31.01000000,28.23000000,30.64000000,2128642.01900000
2025-05-22 06:00:00,30.64000000,31.50000000,30.12000000,31.27000000,2328613.02100000
2025-05-22 10:00:00,31.27000000,31.92000000,30.73000000,31.03000000,1122855.97600000
2025-05-22 14:00:00,31.03000000,32.60000000,30.58000000,32.24000000,1429744.38600000
2025-05-22 18:00:00,32.24000000,34.11000000,32.17000000,32.71000000,2573847.27900000
2025-05-22 22:00:00,32.71000000,33.49000000,32.24000000,33.45000000,921697.47500000
2025-05-23 02:00:00,33.45000000,36.16000000,32.94000000,35.62000000,1829231.78300000
2025-05-23 06:00:00,35.62000000,35.69000000,34.37000000,34.88000000,1685864.12400000
2025-05-23 10:00:00,34.88000000,37.62000000,34.72000000,35.50000000,2743844.72800000
2025-05-23 14:00:00,35.50000000,36.76000000,34.26000000,35.06000000,4324007.71200000
2025-05-23 18:00:00,35.06000000,35.28000000,33.75000000,34.43000000,2411434.82300000
2025-05-23 22:00:00,34.43000000,34.48000000,32.32000000,33.10000000,2247660.78000000
2025-05-24 02:00:00,33.10000000,33.48000000,32.17000000,33.48000000,1180951.50600000
2025-05-24 06:00:00,33.48000000,34.24000000,32.69000000,33.71000000,1124426.44900000
2025-05-24 10:00:00,33.71000000,35.50000000,33.70000000,34.82000000,1501276.63400000
2025-05-24 14:00:00,34.82000000,35.09000000,34.00000000,34.94000000,1494064.42400000
2025-05-24 18:00:00,34.94000000,35.71000000,34.24000000,35.34000000,1252799.30000000
2025-05-24 22:00:00,35.34000000,36.58000000,34.66000000,34.80000000,1695667.37400000
2025-05-25 02:00:00,34.80000000,35.12000000,33.67000000,34.30000000,1406423.70800000
2025-05-25 06:00:00,34.30000000,35.46000000,34.22000000,34.92000000,811229.71600000
2025-05-25 10:00:00,34.92000000,36.46000000,34.24000000,36.19000000,1633627.51200000
2025-05-25 14:00:00,36.19000000,38.89000000,36.12000000,37.79000000,5090919.78600000
2025-05-25 18:00:00,37.79000000,39.45000000,37.03000000,39.06000000,3293775.09300000
2025-05-25 22:00:00,39.06000000,39.28000000,37.71000000,39.11000000,2927386.78300000
2025-05-26 02:00:00,39.11000000,39.99000000,38.01000000,38.14000000,2682154.61200000
2025-05-26 06:00:00,38.14000000,39.66000000,38.10000000,39.12000000,1538292.75100000
2025-05-26 10:00:00,39.12000000,39.37000000,37.57000000,38.73000000,2348334.72300000
2025-05-26 14:00:00,38.73000000,38.74000000,37.19000000,37.99000000,2594293.39600000
2025-05-26 18:00:00,37.99000000,38.44000000,36.52000000,36.99000000,2945754.15400000
2025-05-26 22:00:00,36.99000000,38.11000000,36.74000000,37.14000000,1401833.23600000
2025-05-27 02:00:00,37.14000000,37.43000000,35.99000000,36.93000000,1570886.77900000
2025-05-27 06:00:00,36.93000000,38.25000000,36.77000000,37.61000000,1186886.50300000
2025-05-27 10:00:00,37.61000000,38.17000000,36.55000000,37.90000000,1892764.60100000
2025-05-27 14:00:00,37.90000000,38.86000000,37.00000000,37.63000000,3034744.30100000
2025-05-27 18:00:00,37.63000000,38.63000000,37.01000000,37.10000000,2291909.80100000
2025-05-27 22:00:00,37.10000000,37.24000000,35.57000000,35.78000000,3075437.76500000
2025-05-28 02:00:00,35.78000000,36.38000000,35.26000000,35.62000000,1235455.52100000
2025-05-28 06:00:00,35.62000000,36.11000000,35.18000000,35.67000000,1145359.00600000
2025-05-28 10:00:00,35.67000000,35.89000000,35.03000000,35.68000000,1055203.11500000
2025-05-28 14:00:00,35.68000000,36.19000000,33.38000000,33.87000000,3603747.78800000
2025-05-28 18:00:00,33.87000000,34.82000000,32.78000000,33.17000000,1944564.59900000
2025-05-28 22:00:00,33.17000000,34.70000000,32.59000000,34.33000000,1763043.00000000
2025-05-29 02:00:00,34.33000000,35.20000000,33.76000000,34.07000000,1358362.29000000
2025-05-29 06:00:00,34.07000000,34.79000000,33.24000000,34.54000000,1246662.91700000
2025-05-29 10:00:00,34.54000000,35.13000000,33.76000000,34.14000000,1238087.22400000
2025-05-29 14:00:00,34.14000000,34.15000000,31.61000000,31.92000000,2783546.19800000
2025-05-29 18:00:00,31.92000000,33.26000000,31.71000000,31.87000000,2508287.77800000
2025-05-29 22:00:00,31.87000000,32.66000000,31.36000000,31.41000000,1427811.72800000
2025-05-30 02:00:00,31.41000000,32.85000000,30.65000000,32.59000000,1863517.31800000
2025-05-30 06:00:00,32.59000000,32.76000000,31.88000000,32.71000000,969988.36500000
2025-05-30 10:00:00,32.71000000,33.91000000,32.34000000,33.02000000,3590756.75800000
2025-05-30 14:00:00,33.02000000,33.66000000,31.38000000,32.52000000,2712153.05600000
2025-05-30 18:00:00,32.52000000,34.33000000,31.72000000,33.38000000,2327454.35800000
2025-05-30 22:00:00,33.38000000,33.80000000,32.02000000,32.83000000,2071053.45200000
2025-05-31 02:00:00,32.83000000,33.66000000,30.90000000,31.67000000,2237449.84500000
2025-05-31 06:00:00,31.67000000,32.21000000,31.02000000,31.51000000,1292922.49200000
2025-05-31 10:00:00,31.51000000,31.72000000,30.76000000,31.38000000,1260445.91600000
2025-05-31 14:00:00,31.38000000,33.25000000,31.36000000,32.68000000,1744474.94600000
2025-05-31 18:00:00,32.68000000,33.17000000,32.41000000,32.91000000,876254.15600000
2025-05-31 22:00:00,32.91000000,33.40000000,32.66000000,32.68000000,890157.90700000
2025-06-01 02:00:00,32.68000000,32.91000000,32.16000000,32.58000000,618176.25100000
2025-06-01 06:00:00,32.58000000,33.40000000,32.26000000,32.49000000,698513.62900000
2025-06-01 10:00:00,32.49000000,32.51000000,31.63000000,31.85000000,814661.22800000
2025-06-01 14:00:00,31.85000000,32.46000000,31.51000000,32.44000000,928597.41200000
2025-06-01 18:00:00,32.44000000,33.36000000,32.35000000,33.34000000,867383.70800000
2025-06-01 22:00:00,33.34000000,34.28000000,33.20000000,34.14000000,1076148.98500000
2025-06-02 02:00:00,34.14000000,34.34000000,33.23000000,33.49000000,716947.95100000
2025-06-02 06:00:00,33.49000000,33.77000000,32.61000000,33.60000000,992021.07300000
2025-06-02 10:00:00,33.60000000,34.13000000,32.49000000,32.66000000,1138884.17700000
2025-06-02 14:00:00,32.66000000,33.64000000,32.43000000,33.64000000,1237598.90500000
2025-06-02 18:00:00,33.64000000,35.60000000,33.24000000,35.45000000,2622196.12000000
2025-06-02 22:00:00,35.45000000,36.66000000,35.33000000,36.48000000,2473250.11000000
2025-06-03 02:00:00,36.48000000,36.96000000,35.69000000,35.86000000,1136882.33400000
2025-06-03 06:00:00,35.86000000,36.36000000,35.67000000,36.15000000,484597.42200000
2025-06-03 10:00:00,36.15000000,37.82000000,35.78000000,37.56000000,1583464.46900000
2025-06-03 14:00:00,37.56000000,38.23000000,37.12000000,37.85000000,2150940.83900000
2025-06-03 18:00:00,37.85000000,37.95000000,36.56000000,37.01000000,1445014.89700000
2025-06-03 22:00:00,37.01000000,37.03000000,35.72000000,36.10000000,969733.68800000
2025-06-04 02:00:00,36.10000000,37.13000000,35.76000000,36.56000000,866888.64100000
2025-06-04 06:00:00,36.56000000,36.82000000,36.01000000,36.19000000,526724.67200000
2025-06-04 10:00:00,36.19000000,37.23000000,36.08000000,36.62000000,1014576.44900000
2025-06-04 14:00:00,36.62000000,37.13000000,35.99000000,36.83000000,991526.83400000
2025-06-04 18:00:00,36.83000000,37.16000000,35.95000000,36.05000000,752244.28100000
2025-06-04 22:00:00,36.05000000,36.19000000,34.49000000,35.63000000,1553648.39800000
2025-06-05 02:00:00,35.63000000,36.42000000,35.30000000,35.46000000,666777.40900000
2025-06-05 06:00:00,35.46000000,35.75000000,34.51000000,34.76000000,672675.15100000
2025-06-05 10:00:00,34.76000000,35.28000000,34.53000000,35.25000000,692657.81100000
2025-06-05 14:00:00,35.25000000,35.69000000,34.26000000,34.98000000,1449923.60800000
2025-06-05 18:00:00,34.98000000,34.96000000,32.96000000,33.53000000,2322511.95100000
2025-06-05 22:00:00,33.53000000,34.68000000,32.63000000,34.02000000,2459097.49300000
2025-06-06 02:00:00,34.02000000,34.49000000,33.50000000,34.48000000,901694.50800000
2025-06-06 06:00:00,34.48000000,35.01000000,34.25000000,34.62000000,708807.65600000
2025-06-06 10:00:00,34.62000000,34.93000000,34.30000000,34.44000000,819778.11900000
2025-06-06 14:00:00,34.44000000,35.60000000,34.15000000,35.01000000,2151781.76600000
2025-06-06 18:00:00,35.01000000,35.03000000,33.42000000,33.78000000,3069208.78000000
2025-06-06 22:00:00,33.78000000,34.11000000,33.07000000,33.34000000,1095447.59500000
2025-06-07 02:00:00,33.34000000,34.19000000,33.02000000,33.98000000,988393.84400000
2025-06-07 06:00:00,33.98000000,34.31000000,33.82000000,34.02000000,537541.89800000
2025-06-07 10:00:00,34.02000000,34.05000000,33.50000000,33.85000000,680123.63000000
2025-06-07 14:00:00,33.85000000,34.93000000,33.84000000,34.68000000,1360262.77600000
2025-06-07 18:00:00,34.68000000,34.97000000,34.32000000,34.38000000,1352366.01500000
2025-06-07 22:00:00,34.38000000,35.16000000,34.23000000,34.92000000,682236.38900000
2025-06-08 02:00:00,34.92000000,35.36000000,34.49000000,35.22000000,537525.77100000
2025-06-08 06:00:00,35.22000000,35.43000000,34.84000000,35.41000000,566954.24600000
2025-06-08 10:00:00,35.41000000,35.52000000,34.73000000,35.49000000,1385781.26900000
2025-06-08 14:00:00,35.49000000,35.59000000,34.91000000,35.21000000,1162806.26600000
2025-06-08 18:00:00,35.21000000,36.32000000,35.17000000,35.99000000,1416344.88100000
2025-06-08 22:00:00,35.99000000,36.08000000,34.85000000,34.99000000,1214383.03300000
2025-06-09 02:00:00,34.99000000,35.59000000,34.72000000,35.50000000,654752.84300000
2025-06-09 06:00:00,35.50000000,35.66000000,34.77000000,35.04000000,1096569.29800000
2025-06-09 10:00:00,35.04000000,37.64000000,35.02000000,37.40000000,2280129.04700000
2025-06-09 14:00:00,37.40000000,37.74000000,36.42000000,37.66000000,2107243.76200000
2025-06-09 18:00:00,37.66000000,38.24000000,37.52000000,37.68000000,1797104.42900000
2025-06-09 22:00:00,37.68000000,38.98000000,37.39000000,38.84000000,2087517.05800000
2025-06-10 02:00:00,38.84000000,39.47000000,38.46000000,39.18000000,1299886.05500000
2025-06-10 06:00:00,39.18000000,39.66000000,38.64000000,39.09000000,1641386.80800000
2025-06-10 10:00:00,39.09000000,41.87000000,38.91000000,41.58000000,3533009.95800000
2025-06-10 14:00:00,41.58000000,41.69000000,39.56000000,40.14000000,2515520.80500000
2025-06-10 18:00:00,40.14000000,41.63000000,39.74000000,41.11000000,1932688.25700000
2025-06-10 22:00:00,41.11000000,42.41000000,40.85000000,42.24000000,2389561.78100000
2025-06-11 02:00:00,42.24000000,42.37000000,40.84000000,41.78000000,1448018.12700000
2025-06-11 06:00:00,41.78000000,42.79000000,41.47000000,42.59000000,1005034.33900000
2025-06-11 10:00:00,42.59000000,43.09000000,41.16000000,41.37000000,2003817.09200000
2025-06-11 14:00:00,41.37000000,44.07000000,41.18000000,43.53000000,3555050.98900000
2025-06-11 18:00:00,43.53000000,43.77000000,42.03000000,42.27000000,2900921.44000000
2025-06-11 22:00:00,42.27000000,42.65000000,40.73000000,41.82000000,2569565.24400000
2025-06-12 02:00:00,41.82000000,42.07000000,40.63000000,41.87000000,1310683.20800000
2025-06-12 06:00:00,41.87000000,42.22000000,41.31000000,41.48000000,1091675.17100000
2025-06-12 10:00:00,41.48000000,41.75000000,40.35000000,40.43000000,1324350.93900000
2025-08-10 10:00:00,43.18000000,43.89000000,42.83000000,43.72000000,1282721.54900000
2025-08-10 14:00:00,43.72000000,45.13000000,43.42000000,45.06000000,1830289.49200000
2025-08-10 18:00:00,45.06000000,45.46000000,44.74000000,45.34000000,1562580.79900000
2025-08-10 22:00:00,45.34000000,45.36000000,44.53000000,45.28000000,1152880.06500000
2025-08-11 02:00:00,45.28000000,46.42000000,45.14000000,45.95000000,1808400.46500000
2025-08-11 06:00:00,45.95000000,46.81000000,45.84000000,46.08000000,1329563.75200000
2025-08-11 10:00:00,46.08000000,46.29000000,44.62000000,44.84000000,1905509.41900000
2025-08-11 14:00:00,44.84000000,45.21000000,43.85000000,44.78000000,2906409.18000000
2025-08-11 18:00:00,44.78000000,44.96000000,43.48000000,43.78000000,1924759.06900000
2025-08-11 22:00:00,43.78000000,44.09000000,42.59000000,43.18000000,1656413.67400000
2025-08-12 02:00:00,43.18000000,44.00000000,43.06000000,43.31000000,1237176.11200000
2025-08-12 06:00:00,43.31000000,43.74000000,42.81000000,43.36000000,1085576.88800000
2025-08-12 10:00:00,43.36000000,43.45000000,42.14000000,42.79000000,1525585.34800000
2025-08-12 14:00:00,42.79000000,44.55000000,42.40000000,44.48000000,4038627.66300000
2025-08-12 18:00:00,44.48000000,44.88000000,43.66000000,44.37000000,2079699.30100000
2025-08-12 22:00:00,44.37000000,45.87000000,44.18000000,44.73000000,1554919.06900000
2025-08-13 02:00:00,44.73000000,45.08000000,43.83000000,44.54000000,1438316.35600000
2025-08-13 06:00:00,44.54000000,44.67000000,43.04000000,44.20000000,2216558.36500000
2025-08-13 10:00:00,44.20000000,46.65000000,44.05000000,46.54000000,2396147.47100000
2025-08-13 14:00:00,46.54000000,47.04000000,45.02000000,45.39000000,5493963.79700000
2025-08-13 18:00:00,45.39000000,48.00000000,45.31000000,47.86000000,3804636.12300000
2025-08-13 22:00:00,47.86000000,48.02000000,46.33000000,47.63000000,2411509.87600000
2025-08-14 02:00:00,47.63000000,48.76000000,47.12000000,48.57000000,1870065.48800000
2025-08-14 06:00:00,48.57000000,48.90000000,46.52000000,46.85000000,2649089.12200000
2025-08-14 10:00:00,46.85000000,47.34000000,46.02000000,47.16000000,1257415.01900000
2025-08-14 14:00:00,47.16000000,47.40000000,43.71000000,44.75000000,5382784.30100000
2025-08-14 18:00:00,44.75000000,46.49000000,44.10000000,45.68000000,2286259.77400000
2025-08-14 22:00:00,45.68000000,46.39000000,44.18000000,45.45000000,1712110.57900000
2025-08-15 02:00:00,45.45000000,49.50000000,45.33000000,49.50000000,3171244.73900000
2025-08-15 06:00:00,49.50000000,49.54000000,47.95000000,48.35000000,2522499.61200000
2025-08-15 10:00:00,48.35000000,49.15000000,48.04000000,48.30000000,1487389.18900000
2025-08-15 14:00:00,48.30000000,48.67000000,45.59000000,46.31000000,4622795.98000000
2025-08-15 18:00:00,46.31000000,47.19000000,45.92000000,46.20000000,2398467.54200000
2025-08-15 22:00:00,46.20000000,48.56000000,46.01000000,47.79000000,2223834.70300000
2025-08-16 02:00:00,47.79000000,48.32000000,47.59000000,47.82000000,1087164.02000000
2025-08-16 06:00:00,47.82000000,48.01000000,46.86000000,47.26000000,1111279.21500000
2025-08-16 10:00:00,47.26000000,47.53000000,46.38000000,46.39000000,878614.76300000
2025-08-16 14:00:00,46.39000000,47.14000000,46.14000000,46.54000000,978083.77300000
2025-08-16 18:00:00,46.54000000,47.14000000,46.41000000,46.76000000,664596.88800000
2025-08-16 22:00:00,46.76000000,47.00000000,46.15000000,46.28000000,750615.49600000
2025-08-17 02:00:00,46.28000000,46.72000000,45.80000000,46.63000000,650124.27200000
2025-08-17 06:00:00,46.63000000,47.31000000,46.59000000,47.30000000,1016920.81000000
2025-08-17 10:00:00,47.30000000,47.78000000,47.17000000,47.63000000,897926.66000000
2025-08-17 14:00:00,47.63000000,47.70000000,46.76000000,47.10000000,826112.76700000
2025-08-17 18:00:00,47.10000000,47.20000000,46.09000000,46.14000000,942067.91900000
2025-08-17 22:00:00,46.14000000,46.82000000,46.00000000,46.04000000,771810.57100000
2025-08-18 02:00:00,46.04000000,46.18000000,43.86000000,44.15000000,1638143.68700000
2025-08-18 06:00:00,44.15000000,44.38000000,43.00000000,43.56000000,1552232.36500000
2025-08-18 10:00:00,43.56000000,44.01000000,43.01000000,43.11000000,976503.84800000
2025-08-18 14:00:00,43.11000000,44.20000000,42.87000000,44.20000000,1152967.36700000
2025-08-18 18:00:00,44.20000000,44.76000000,43.54000000,43.57000000,944972.51600000
2025-08-18 22:00:00,43.57000000,44.31000000,43.04000000,43.31000000,792765.70000000
2025-08-19 02:00:00,43.31000000,43.52000000,41.78000000,42.09000000,1402721.60800000
2025-08-19 06:00:00,42.09000000,42.38000000,41.59000000,42.04000000,767895.15800000
2025-08-19 10:00:00,42.04000000,43.40000000,41.86000000,43.33000000,711317.96100000
2025-08-19 14:00:00,43.33000000,44.17000000,42.28000000,42.45000000,2726489.57900000
2025-08-19 18:00:00,42.45000000,43.82000000,41.72000000,42.97000000,1905980.52600000
2025-08-19 22:00:00,42.97000000,43.20000000,40.94000000,41.30000000,2069017.72800000
2025-08-20 02:00:00,41.30000000,42.21000000,41.26000000,41.52000000,1028318.30200000
2025-08-20 06:00:00,41.52000000,42.14000000,41.44000000,41.52000000,840376.47300000
2025-08-20 10:00:00,41.52000000,42.37000000,41.22000000,41.72000000,976023.95600000
2025-08-20 14:00:00,41.72000000,42.86000000,40.59000000,41.97000000,2938221.95600000
2025-08-20 18:00:00,41.97000000,43.26000000,41.77000000,43.24000000,1695646.79700000
2025-08-20 22:00:00,43.24000000,43.27000000,42.58000000,43.00000000,858770.18400000
2025-08-21 02:00:00,43.00000000,43.43000000,42.28000000,42.31000000,891450.09500000
2025-08-21 06:00:00,42.31000000,42.66000000,41.65000000,41.92000000,761590.64900000
2025-08-21 10:00:00,41.92000000,41.99000000,40.96000000,41.08000000,1112029.62800000
2025-08-21 14:00:00,41.08000000,42.29000000,40.83000000,41.04000000,1470194.84000000
2025-08-21 18:00:00,41.04000000,41.52000000,40.62000000,40.92000000,1567413.12200000
2025-08-21 22:00:00,40.92000000,41.34000000,40.41000000,40.46000000,1439998.55400000
2025-08-22 02:00:00,40.46000000,41.66000000,40.45000000,41.18000000,688720.85300000
2025-08-22 06:00:00,41.18000000,42.16000000,41.20000000,42.14000000,700924.52100000
2025-08-22 10:00:00,42.14000000,42.25000000,41.68000000,41.72000000,1631493.32200000
2025-08-22 14:00:00,41.72000000,44.27000000,40.94000000,43.65000000,4408625.85600000
2025-08-22 18:00:00,43.65000000,44.92000000,43.66000000,44.31000000,1981587.63900000
2025-08-22 22:00:00,44.31000000,45.53000000,44.25000000,45.35000000,1583581.76000000
2025-08-23 02:00:00,45.35000000,45.36000000,43.47000000,43.52000000,1203041.00800000
2025-08-23 06:00:00,43.52000000,44.72000000,43.45000000,43.72000000,1126244.26900000
2025-08-23 10:00:00,43.72000000,44.12000000,43.28000000,43.67000000,1253291.57000000
2025-08-23 14:00:00,43.67000000,44.21000000,43.54000000,43.88000000,845976.11900000
2025-08-23 18:00:00,43.88000000,44.85000000,43.87000000,44.64000000,935918.05600000
2025-08-23 22:00:00,44.64000000,44.95000000,44.42000000,44.91000000,570231.01500000
2025-08-24 02:00:00,44.91000000,45.09000000,43.98000000,44.21000000,563877.71600000
2025-08-24 06:00:00,44.21000000,44.45000000,43.72000000,44.05000000,565270.32800000
2025-08-24 10:00:00,44.05000000,44.27000000,43.44000000,43.68000000,1397079.47600000
2025-08-24 14:00:00,43.68000000,44.62000000,43.53000000,44.14000000,828517.36000000
2025-08-24 18:00:00,44.14000000,46.97000000,44.12000000,45.52000000,3714694.17400000
2025-08-24 22:00:00,45.52000000,46.54000000,44.63000000,46.06000000,1660654.06800000
2025-08-25 02:00:00,46.06000000,47.40000000,45.10000000,46.45000000,1507786.22200000
2025-08-25 06:00:00,46.45000000,46.49000000,44.07000000,44.28000000,1771396.60200000
2025-08-25 10:00:00,44.28000000,46.03000000,43.91000000,45.62000000,2504289.12600000
2025-08-25 14:00:00,45.62000000,46.70000000,45.11000000,45.82000000,2427011.15700000
2025-08-25 18:00:00,45.82000000,46.81000000,43.81000000,44.00000000,2539110.85100000
2025-08-25 22:00:00,44.00000000,44.31000000,42.53000000,42.98000000,2626541.79500000
2025-08-26 02:00:00,42.98000000,44.34000000,42.37000000,44.09000000,1881030.96200000
2025-08-26 06:00:00,44.09000000,45.62000000,44.10000000,45.52000000,1793325.86000000
2025-08-26 10:00:00,45.52000000,45.85000000,44.88000000,45.24000000,1208273.29800000
2025-08-26 14:00:00,45.24000000,47.01000000,44.65000000,46.51000000,3248549.65700000
2025-08-26 18:00:00,46.51000000,48.68000000,46.51000000,48.52000000,6565033.34612624
2025-08-26 22:00:00,48.52000000,49.74000000,48.23000000,48.75000000,5801057.47749980
2025-08-27 02:00:00,48.75000000,51.17000000,48.12000000,50.94000000,3113899.39600000
2025-08-27 06:00:00,50.94000000,51.17000000,49.62000000,49.93000000,2656896.50600000
2025-08-27 10:00:00,49.93000000,50.22000000,48.25000000,49.70000000,2635224.15900000
2025-08-27 14:00:00,49.70000000,50.70000000,49.06000000,50.55000000,3095290.85400000
2025-08-27 18:00:00,50.55000000,50.62000000,48.61000000,48.73000000,4306021.08700000
2025-08-27 22:00:00,48.73000000,49.40000000,46.81000000,46.99000000,3900147.42000000
2025-08-28 02:00:00,46.99000000,48.48000000,46.70000000,48.44000000,1565402.87200000
2025-08-28 06:00:00,48.44000000,48.97000000,47.86000000,48.78000000,1649794.35100000
2025-08-28 10:00:00,48.78000000,49.01000000,47.80000000,47.98000000,1507817.32300000
2025-08-28 14:00:00,47.98000000,48.84000000,47.81000000,47.96000000,1983905.71500000
2025-08-28 18:00:00,47.96000000,48.11000000,45.81000000,46.05000000,5588085.09200000
2025-08-28 22:00:00,46.05000000,46.55000000,45.55000000,45.57000000,2735266.95900000
2025-08-29 02:00:00,45.57000000,46.15000000,45.25000000,45.69000000,1409831.95800000
2025-08-29 06:00:00,45.69000000,46.02000000,44.10000000,44.42000000,3528034.04000000
2025-08-29 10:00:00,44.42000000,44.90000000,43.72000000,44.39000000,3210367.15200000
2025-08-29 14:00:00,44.39000000,45.41000000,43.88000000,44.82000000,3799327.46600000
2025-08-29 18:00:00,44.82000000,45.00000000,43.48000000,43.66000000,2267522.94700000
2025-08-29 22:00:00,43.66000000,44.78000000,43.29000000,44.41000000,1702816.93100000
2025-08-30 02:00:00,44.41000000,44.62000000,43.69000000,44.57000000,602512.98800000
2025-08-30 06:00:00,44.57000000,44.90000000,43.93000000,44.33000000,804740.46800000
2025-08-30 10:00:00,44.33000000,44.32000000,43.26000000,43.51000000,856563.82800000
2025-08-30 14:00:00,43.51000000,44.18000000,43.24000000,44.17000000,773228.79500000
2025-08-30 18:00:00,44.17000000,44.32000000,43.81000000,43.93000000,678693.05100000
2025-08-30 22:00:00,43.93000000,44.19000000,43.75000000,44.05000000,349817.33300000
2025-08-31 02:00:00,44.05000000,44.93000000,44.02000000,44.90000000,610071.72700000
2025-08-31 06:00:00,44.90000000,45.02000000,44.48000000,44.48000000,972946.91400000
2025-08-31 10:00:00,44.48000000,44.85000000,44.18000000,44.42000000,542748.83200000
2025-08-31 14:00:00,44.42000000,44.59000000,44.09000000,44.48000000,703958.40800000
2025-08-31 18:00:00,44.48000000,45.34000000,44.41000000,44.79000000,1442172.47500000
2025-08-31 22:00:00,44.79000000,45.16000000,44.22000000,44.26000000,749529.47400000
2025-09-01 02:00:00,44.26000000,45.00000000,43.80000000,44.40000000,884989.22300000
2025-09-01 06:00:00,44.40000000,44.99000000,43.92000000,44.99000000,762198.46900000
2025-09-01 10:00:00,44.99000000,45.46000000,44.38000000,44.68000000,1014040.70800000
2025-09-01 14:00:00,44.68000000,44.90000000,44.06000000,44.27000000,926461.39800000
2025-09-01 18:00:00,44.27000000,44.29000000,43.37000000,44.02000000,1307319.30500000
2025-09-01 22:00:00,44.02000000,44.09000000,42.49000000,43.11000000,2164315.26000000
2025-09-02 02:00:00,43.11000000,44.27000000,42.94000000,44.13000000,990921.25800000
2025-09-02 06:00:00,44.13000000,44.88000000,43.96000000,44.46000000,763603.67600000
2025-09-02 10:00:00,44.46000000,45.04000000,44.16000000,44.27000000,787850.98200000
2025-09-02 14:00:00,44.27000000,44.91000000,43.35000000,44.03000000,1633276.02000000
2025-09-02 18:00:00,44.03000000,44.68000000,43.71000000,44.03000000,815354.51500000
2025-09-02 22:00:00,44.03000000,44.93000000,43.94000000,44.86000000,649154.57500000
2025-09-03 02:00:00,44.86000000,45.25000000,44.51000000,44.68000000,735162.79800000
2025-09-03 06:00:00,44.68000000,44.74000000,44.24000000,44.49000000,382708.36400000
2025-09-03 10:00:00,44.49000000,45.96000000,44.40000000,45.55000000,1398099.76800000
2025-09-03 14:00:00,45.55000000,46.18000000,45.34000000,46.04000000,1521630.33900000
2025-09-03 18:00:00,46.04000000,46.45000000,45.56000000,45.77000000,1192161.45600000
2025-09-03 22:00:00,45.77000000,46.09000000,45.66000000,45.83000000,550130.51500000
2025-09-04 02:00:00,45.83000000,46.37000000,45.37000000,45.41000000,600014.48700000
2025-09-04 06:00:00,45.41000000,45.69000000,45.18000000,45.62000000,804342.35800000
2025-09-04 10:00:00,45.62000000,45.99000000,45.47000000,45.84000000,844484.62000000
2025-09-04 14:00:00,45.84000000,46.03000000,44.75000000,45.18000000,1737330.03600000
2025-09-04 18:00:00,45.18000000,45.37000000,44.38000000,44.44000000,1254254.36400000
2025-09-04 22:00:00,44.44000000,45.81000000,44.39000000,45.32000000,1096500.51200000
2025-09-05 02:00:00,45.32000000,45.72000000,45.03000000,45.15000000,888077.17100000
2025-09-05 06:00:00,45.15000000,46.28000000,45.16000000,46.26000000,906678.62200000
2025-09-05 10:00:00,46.26000000,47.24000000,45.79000000,47.00000000,2196948.13900000
2025-09-05 14:00:00,47.00000000,47.68000000,45.98000000,46.58000000,3978798.25800000
2025-09-05 18:00:00,46.58000000,47.31000000,46.02000000,47.15000000,1157943.97100000
2025-09-05 22:00:00,47.15000000,47.47000000,46.86000000,47.20000000,1083998.34900000
2025-09-06 02:00:00,47.20000000,47.83000000,47.20000000,47.64000000,713671.23200000
2025-09-06 06:00:00,47.64000000,47.65000000,46.72000000,46.87000000,504633.97700000
2025-09-06 10:00:00,46.87000000,46.87000000,46.48000000,46.83000000,417374.14700000
2025-09-06 14:00:00,46.83000000,46.99000000,46.39000000,46.41000000,659434.44800000
2025-09-06 18:00:00,46.41000000,46.43000000,45.39000000,45.55000000,1254612.27700000
2025-09-06 22:00:00,45.55000000,46.23000000,45.54000000,45.96000000,536393.66100000
2025-09-07 02:00:00,45.96000000,47.15000000,45.95000000,46.84000000,575209.99200000
2025-09-07 06:00:00,46.84000000,46.99000000,46.46000000,46.98000000,408506.28700000
2025-09-07 10:00:00,46.98000000,47.43000000,46.92000000,47.12000000,662646.06800000
2025-09-07 14:00:00,47.12000000,47.65000000,46.86000000,47.52000000,748422.70900000
2025-09-07 18:00:00,47.52000000,47.62000000,46.73000000,47.03000000,1057964.11900000
2025-09-07 22:00:00,47.03000000,47.45000000,46.71000000,47.05000000,744040.03200000
2025-09-08 02:00:00,47.05000000,48.93000000,46.91000000,48.70000000,1539938.50800000
2025-09-08 06:00:00,48.70000000,50.09000000,48.39000000,50.01000000,1791503.98500000
2025-09-08 10:00:00,50.01000000,51.17000000,50.02000000,50.44000000,2606210.10300000
2025-09-08 14:00:00,50.44000000,51.93000000,50.40000000,51.50000000,3449966.57900000
2025-09-08 18:00:00,51.50000000,51.56000000,50.19000000,50.37000000,2382046.53000000
2025-09-08 22:00:00,50.37000000,51.03000000,49.88000000,50.83000000,1661277.72500000
2025-09-09 02:00:00,50.83000000,51.68000000,50.50000000,51.44000000,1383897.96900000
2025-09-09 06:00:00,51.44000000,55.08000000,51.36000000,54.45000000,3979218.70400000
2025-09-09 10:00:00,54.45000000,55.26000000,53.66000000,53.89000000,2389695.91400000
2025-09-09 14:00:00,53.89000000,54.34000000,52.04000000,52.63000000,3948583.07100000
2025-09-09 18:00:00,52.63000000,53.92000000,52.34000000,53.79000000,1915131.06700000
2025-09-09 22:00:00,53.79000000,53.92000000,52.71000000,53.26000000,2302446.67300000
2025-09-10 02:00:00,53.26000000,54.38000000,52.54000000,53.73000000,2025534.71600000
2025-09-10 06:00:00,53.73000000,55.46000000,53.39000000,55.13000000,1998091.55300000
2025-09-10 10:00:00,55.13000000,55.70000000,53.99000000,54.45000000,2232690.91100000
2025-09-10 14:00:00,54.45000000,55.47000000,54.15000000,55.08000000,3215312.99500000
2025-09-10 18:00:00,55.08000000,55.37000000,53.67000000,54.36000000,2042263.11800000
2025-09-10 22:00:00,54.36000000,56.11000000,54.30000000,55.44000000,1773705.71200000
2025-09-11 02:00:00,55.44000000,56.22000000,55.20000000,56.02000000,1188187.34000000
2025-09-11 06:00:00,56.02000000,56.06000000,55.18000000,55.28000000,943978.87100000
2025-09-11 10:00:00,55.28000000,55.39000000,53.01000000,53.58000000,3162649.97400000
2025-09-11 14:00:00,53.58000000,54.79000000,53.12000000,54.69000000,3580195.56200000
2025-09-11 18:00:00,54.69000000,55.95000000,54.49000000,55.72000000,2111566.44100000
2025-09-11 22:00:00,55.72000000,57.16000000,55.32000000,57.01000000,2263169.75800000
2025-09-12 02:00:00,57.01000000,57.44000000,56.24000000,56.58000000,3382294.76700000
2025-09-12 06:00:00,56.58000000,57.34000000,56.32000000,56.38000000,1300673.31100000
2025-09-12 10:00:00,56.38000000,56.57000000,55.48000000,55.69000000,1972304.69200000
2025-09-12 14:00:00,55.69000000,56.85000000,54.86000000,55.40000000,2106397.83700000
2025-11-09 09:00:00,40.18000000,40.46000000,39.21000000,39.73000000,2292050.25900000
2025-11-09 13:00:00,39.73000000,41.33000000,39.62000000,40.95000000,2957012.49300000
2025-11-09 17:00:00,40.95000000,42.58000000,40.60000000,42.58000000,2086288.98000000
2025-11-09 21:00:00,42.58000000,42.80000000,41.64000000,41.81000000,2211031.96400000
2025-11-10 01:00:00,41.81000000,42.98000000,41.48000000,42.76000000,2776944.82500000
2025-11-10 05:00:00,42.76000000,43.22000000,42.56000000,43.02000000,1526264.65500000
2025-11-10 09:00:00,43.02000000,43.15000000,41.93000000,42.13000000,3292556.66000000
2025-11-10 13:00:00,42.13000000,42.40000000,41.04000000,41.20000000,3915348.40900000
2025-11-10 17:00:00,41.20000000,41.95000000,40.84000000,41.72000000,1841045.00600000
2025-11-10 21:00:00,41.72000000,42.39000000,41.34000000,41.44000000,2865427.71200000
2025-11-11 01:00:00,41.44000000,41.99000000,40.59000000,41.54000000,2888709.57600000
2025-11-11 05:00:00,41.54000000,41.58000000,39.59000000,39.83000000,4342277.79700000
2025-11-11 09:00:00,39.83000000,40.47000000,39.39000000,40.32000000,2674256.07500000
2025-11-11 13:00:00,40.32000000,40.47000000,39.56000000,39.89000000,3133715.04800000
2025-11-11 17:00:00,39.89000000,39.94000000,39.06000000,39.34000000,3333689.64800000
2025-11-11 21:00:00,39.34000000,39.42000000,38.34000000,38.68000000,5638709.08900000
2025-11-12 01:00:00,38.68000000,39.35000000,38.40000000,39.13000000,3964461.46400000
2025-11-12 05:00:00,39.13000000,39.69000000,38.91000000,39.27000000,1887585.67900000
2025-11-12 09:00:00,39.27000000,40.83000000,39.27000000,40.46000000,4565648.88700000
2025-11-12 13:00:00,40.46000000,40.68000000,38.67000000,38.76000000,4348349.61500000
2025-11-12 17:00:00,38.76000000,39.03000000,37.48000000,38.37000000,8593654.02700000
2025-11-12 21:00:00,38.37000000,38.98000000,38.15000000,38.36000000,1249931.16300000
2025-11-13 01:00:00,38.36000000,39.09000000,37.92700000,38.53300000,1886296.12140000
2025-11-13 05:00:00,38.53300000,39.84600000,38.28100000,39.19600000,2055681.99800000
2025-11-13 09:00:00,39.19600000,39.42900000,38.69300000,39.05300000,1549566.83660000
2025-11-13 13:00:00,39.05300000,39.23900000,38.10200000,38.35800000,3061221.36000000
2025-11-13 17:00:00,38.35800000,38.49100000,36.60700000,37.48700000,5558229.29200000
2025-11-13 21:00:00,37.48700000,39.09800000,37.14500000,38.52700000,4235624.04120000
2025-11-14 01:00:00,38.52700000,38.59800000,37.53200000,37.81100000,2820750.58040000
2025-11-14 05:00:00,37.81100000,37.89700000,36.37900000,37.48200000,4024919.67920000
2025-11-14 09:00:00,37.48200000,37.71800000,36.66900000,36.87200000,2952609.86840000
2025-11-14 13:00:00,36.87200000,38.04900000,36.01600000,38.01600000,8147070.17330000
2025-11-14 17:00:00,38.01600000,38.28700000,36.75900000,37.98400000,6886271.76230000
2025-11-14 21:00:00,37.98400000,38.55900000,37.02900000,37.48800000,11782964.04740000
2025-11-15 01:00:00,37.48800000,38.85900000,37.31700000,38.81700000,1553565.37210000
2025-11-15 05:00:00,38.81700000,39.29000000,38.31400000,39.11500000,1972266.57050000
2025-11-15 09:00:00,39.11500000,39.55500000,38.49300000,38.65900000,2161611.49680000
2025-11-15 13:00:00,38.65900000,39.29800000,38.51200000,39.20100000,1277911.07850000
2025-11-15 17:00:00,39.20100000,39.19900000,38.52000000,38.66800000,1340267.88470000
2025-11-15 21:00:00,38.66800000,38.81600000,38.29400000,38.56200000,932427.99500000
2025-11-16 01:00:00,38.56200000,38.87500000,38.03300000,38.65600000,1597603.25470000
2025-11-16 05:00:00,38.65600000,39.28100000,38.53500000,39.18700000,863082.60560000
2025-11-16 09:00:00,39.18700000,40.48800000,38.87100000,39.26700000,3107497.46890000
2025-11-16 13:00:00,39.26700000,39.52300000,38.05600000,38.17200000,2188820.83230000
2025-11-16 17:00:00,38.17200000,38.49200000,37.46900000,38.04500000,2584726.31980000
2025-11-16 21:00:00,38.04500000,38.75900000,37.49900000,38.69800000,1679889.01930000
2025-11-17 01:00:00,38.69800000,39.01800000,38.17300000,38.71100000,1551106.70670000
2025-11-17 05:00:00,38.71100000,38.75700000,38.22400000,38.53100000,839578.33080000
2025-11-17 09:00:00,38.53100000,39.22800000,38.30600000,39.21600000,1228210.18100000
2025-11-17 13:00:00,39.21600000,39.29000000,37.33500000,37.52500000,4657133.81650000
2025-11-17 17:00:00,37.52500000,38.19900000,37.10200000,37.67900000,9126325.79840000
2025-11-17 21:00:00,37.67900000,39.34100000,37.56700000,39.33600000,7999929.77080000
2025-11-18 01:00:00,39.33600000,40.89800000,38.53400000,40.41400000,7030961.96630000
2025-11-18 05:00:00,40.41400000,41.68100000,39.57100000,40.27100000,4604441.71170000
2025-11-18 09:00:00,40.27100000,41.48500000,40.23900000,41.09700000,3173020.15980000
2025-11-18 13:00:00,41.09700000,41.66300000,38.33700000,38.88300000,7043906.74260000
2025-11-18 17:00:00,38.88300000,39.52900000,38.24200000,38.59400000,5836767.58680000
2025-11-18 21:00:00,38.59400000,39.35500000,38.51600000,38.65300000,3384426.83130000
2025-11-19 01:00:00,38.65300000,39.10100000,38.26000000,38.33900000,1479211.26970000
2025-11-19 05:00:00,38.33900000,38.71700000,37.58200000,38.60300000,3782484.51280000
2025-11-19 09:00:00,38.60300000,38.71100000,37.93100000,38.19300000,1566191.68070000
2025-11-19 13:00:00,38.19300000,38.51900000,37.28700000,37.33300000,9824226.71570000
2025-11-19 17:00:00,37.33300000,38.04000000,37.12900000,37.61500000,7271743.97400000
2025-11-19 21:00:00,37.61500000,38.96300000,37.57100000,38.84200000,4559031.33090000
2025-11-20 01:00:00,38.84200000,39.80000000,38.36300000,39.28100000,3808037.82520000
2025-11-20 05:00:00,39.28100000,39.70000000,38.93500000,39.43400000,1418374.34160000
2025-11-20 09:00:00,39.43400000,39.48700000,38.98200000,39.29400000,922726.65860000
2025-11-20 13:00:00,39.29400000,39.41800000,38.40400000,38.45300000,4170911.53220000
2025-11-20 17:00:00,38.45300000,38.53800000,37.37100000,37.87900000,9965869.00980000
2025-11-20 21:00:00,37.87900000,38.38400000,37.45000000,37.54700000,2175702.44800000
2025-11-21 01:00:00,37.54700000,38.53700000,36.80900000,36.86100000,3332353.23860000
2025-11-21 05:00:00,36.86100000,37.27600000,32.76200000,34.27200000,6768742.58182000
2025-11-21 09:00:00,34.27200000,34.75600000,32.25200000,32.48200000,7370668.07448000
2025-11-21 13:00:00,32.48200000,34.17500000,31.66300000,32.84300000,7530253.58925000
2025-11-21 17:00:00,32.84300000,34.57300000,32.11100000,33.52100000,6108463.48510000
2025-11-21 21:00:00,33.52100000,34.31800000,33.01600000,33.85000000,2463335.82395000
2025-11-22 01:00:00,33.85000000,34.35500000,33.48100000,33.89100000,1318942.51990000
2025-11-22 05:00:00,33.89100000,34.52400000,33.20700000,33.93500000,1786076.03040000
2025-11-22 09:00:00,33.93500000,33.93800000,32.72200000,32.89000000,2027391.11202000
2025-11-22 13:00:00,32.89000000,32.93400000,31.87800000,31.90800000,2444952.90168000
2025-11-22 17:00:00,31.90800000,32.00600000,30.50000000,30.51200000,4645325.09696000
2025-11-22 21:00:00,30.51200000,30.63700000,29.35400000,29.98000000,7334083.43271000
2025-11-23 01:00:00,29.98000000,31.53900000,29.62200000,31.24300000,5858854.16570000
2025-11-23 05:00:00,31.24300000,31.85600000,30.36900000,30.88900000,4528768.50472000
2025-11-23 09:00:00,30.88900000,31.67000000,30.73400000,31.55400000,2649980.32280000
2025-11-23 13:00:00,31.55400000,32.06700000,30.61000000,31.18300000,3532417.23661000
2025-11-23 17:00:00,31.18300000,31.23200000,30.24700000,31.01000000,2522655.67983000
2025-11-23 21:00:00,31.01000000,32.63700000,30.89200000,31.86700000,4528036.25534000
2025-11-24 01:00:00,31.86700000,33.77300000,31.50400000,33.06900000,5558864.50393000
2025-11-24 05:00:00,33.06900000,33.08200000,31.15300000,31.56400000,3986214.72294000
2025-11-24 09:00:00,31.56400000,31.79300000,31.04900000,31.21000000,2460846.71432000
2025-11-24 13:00:00,31.21000000,31.94200000,30.41500000,31.02900000,8791318.93611000
2025-11-24 17:00:00,31.02900000,32.46300000,31.03000000,32.45600000,7981968.09489000
2025-11-24 21:00:00,32.45600000,34.63900000,32.39000000,33.72500000,7839683.57313000
2025-11-25 01:00:00,33.72500000,33.81200000,32.21400000,32.59500000,3866584.49844000
2025-11-25 05:00:00,32.59500000,32.88800000,31.79100000,31.87800000,2762161.98536000
2025-11-25 09:00:00,31.87800000,34.45700000,31.88100000,32.51800000,9877090.13360000
2025-11-25 13:00:00,32.51800000,33.14800000,31.80800000,32.26400000,4866918.01341000
2025-11-25 17:00:00,32.26400000,32.69400000,31.79500000,32.34300000,3444281.68070000
2025-11-25 21:00:00,32.34300000,33.93000000,32.16000000,33.71700000,2471704.29136000
2025-11-26 01:00:00,33.71700000,34.62000000,33.62100000,33.90000000,3771677.93598000
2025-11-26 05:00:00,33.90000000,35.01900000,33.61300000,34.74200000,3324067.70109000
2025-11-26 09:00:00,34.74200000,34.78400000,33.60100000,33.68500000,2514139.14798000
2025-11-26 13:00:00,33.68500000,34.28400000,33.01400000,33.83100000,3196546.10569000
2025-11-26 17:00:00,33.83100000,35.62800000,33.77300000,35.19800000,5360893.73796000
2025-11-26 21:00:00,35.19800000,36.35800000,34.83500000,36.22100000,4646184.14285000
2025-11-27 01:00:00,36.22100000,36.51100000,35.53300000,35.64900000,2110828.51811000
2025-11-27 05:00:00,35.64900000,35.91200000,35.31000000,35.54900000,1822179.21494000
2025-11-27 09:00:00,35.54900000,35.61400000,34.47400000,34.79500000,2233755.23256000
2025-11-27 13:00:00,34.79500000,34.95500000,34.50000000,34.69700000,2176340.70742000
2025-11-27 17:00:00,34.69700000,35.80000000,34.52700000,35.72100000,4410932.54896000
2025-11-27 21:00:00,35.72100000,35.96100000,34.65600000,34.71900000,2640900.01911000
2025-11-28 01:00:00,34.71900000,34.87200000,33.78000000,34.87000000,3226156.55827000
2025-11-28 05:00:00,34.87000000,35.53300000,34.47800000,34.66400000,2493131.33604000
2025-11-28 09:00:00,34.66400000,36.31100000,34.62200000,35.95700000,3270618.16257000
2025-11-28 13:00:00,35.95700000,36.77500000,35.29200000,35.47400000,4178262.42667000
2025-11-28 17:00:00,35.47400000,35.59700000,34.17800000,34.54200000,9263700.76712000
2025-11-28 21:00:00,34.54200000,35.29600000,34.26500000,34.92300000,3951056.86808000
2025-11-29 01:00:00,34.92300000,35.14500000,34.61400000,34.81800000,2320436.62149000
2025-11-29 05:00:00,34.81800000,36.44800000,34.08800000,35.94600000,5823831.69114000
2025-11-29 09:00:00,35.94600000,36.03300000,35.24400000,35.71400000,2330015.31792000
2025-11-29 13:00:00,35.71400000,36.22400000,34.50900000,34.74500000,4535968.13955000
2025-11-29 17:00:00,34.74500000,35.06600000,34.01400000,34.45400000,5815062.64728000
2025-11-29 21:00:00,34.45400000,34.74300000,34.17700000,34.32900000,8726103.24981000
2025-11-30 01:00:00,34.32900000,34.53000000,34.00100000,34.27800000,4099746.17192000
2025-11-30 05:00:00,34.27800000,34.33100000,33.34500000,33.96000000,3246193.68346000
2025-11-30 09:00:00,33.96000000,34.06100000,32.91700000,32.99800000,3320641.95346000
2025-11-30 13:00:00,32.99800000,33.76600000,32.88200000,33.03600000,4974653.14022000
2025-11-30 17:00:00,33.03600000,33.97800000,33.03500000,33.72400000,2948290.19178000
2025-11-30 21:00:00,33.72400000,33.81200000,31.83400000,31.93300000,4851506.58074000
2025-12-01 01:00:00,31.93300000,32.06700000,30.51400000,30.75600000,10498724.86643000
2025-12-01 05:00:00,30.75600000,31.23500000,30.28000000,31.19700000,3184298.08875000
2025-12-01 09:00:00,31.19700000,31.40900000,30.58700000,30.62900000,4384980.67690000
2025-12-01 13:00:00,30.62900000,30.80800000,29.14800000,29.76700000,8505847.26646000
2025-12-01 17:00:00,29.76700000,29.98800000,29.25100000,29.53500000,4784744.04338000
2025-12-01 21:00:00,29.53500000,31.47600000,29.52200000,31.00900000,5208756.25157000
2025-12-02 01:00:00,31.00900000,31.52700000,30.35000000,31.06200000,3368954.75944000
2025-12-02 05:00:00,31.06200000,31.95700000,30.90300000,31.68100000,2681680.42954000
2025-12-02 09:00:00,31.68100000,32.01000000,31.10400000,31.80700000,3311744.63580000
2025-12-02 13:00:00,31.80700000,33.42700000,31.48800000,32.97600000,9953173.53619000
2025-12-02 17:00:00,32.97600000,33.70100000,32.61900000,33.09500000,4659318.52147000
2025-12-02 21:00:00,33.09500000,34.38500000,32.61400000,33.84300000,8959572.17841000
2025-12-03 01:00:00,33.84300000,34.79500000,33.35600000,34.20200000,3990589.24431000
2025-12-03 05:00:00,34.20200000,35.37500000,34.03200000,34.22200000,4047910.42697000
2025-12-03 09:00:00,34.22200000,34.61900000,33.47000000,33.76100000,4502446.76523000
2025-12-03 13:00:00,33.76100000,34.69300000,33.45200000,34.04800000,5140164.12377000
2025-12-03 17:00:00,34.04800000,34.77600000,33.86600000,34.74700000,6241619.93157000
2025-12-03 21:00:00,34.74700000,35.10000000,34.28600000,34.65400000,4687100.28199000
2025-12-04 01:00:00,34.65400000,36.18800000,34.22400000,35.57900000,3929548.26757000
2025-12-04 05:00:00,35.57900000,35.57900000,34.66200000,35.23200000,2736796.76628000
2025-12-04 09:00:00,35.23200000,35.36200000,34.56900000,34.73800000,1786452.67741000
2025-12-04 13:00:00,34.73800000,34.94900000,34.02100000,34.54300000,4093146.42267000
2025-12-04 17:00:00,34.54300000,34.90100000,33.20300000,33.47700000,6342861.79739000
2025-12-04 21:00:00,33.47700000,33.70400000,33.06700000,33.51900000,3734509.41226000
2025-12-05 01:00:00,33.51900000,33.88300000,33.26100000,33.68100000,2112967.49161000
2025-12-05 05:00:00,33.68100000,33.81300000,33.18200000,33.19600000,1596334.43581000
2025-12-05 09:00:00,33.19600000,33.27500000,31.82100000,31.91300000,4465072.42902000
2025-12-05 13:00:00,31.91300000,32.05300000,31.13800000,31.48100000,6206817.18678000
2025-12-05 17:00:00,31.48100000,31.52100000,30.46000000,31.08500000,16381902.02641000
2025-12-05 21:00:00,31.08500000,31.33800000,30.78700000,30.96400000,5822716.38189000
2025-12-06 01:00:00,30.96400000,31.21400000,30.60800000,31.08400000,4423650.68672000
2025-12-06 05:00:00,31.08400000,31.38100000,31.01000000,31.05900000,1537373.17536000
2025-12-06 09:00:00,31.05900000,31.08500000,30.63400000,30.84600000,2503532.53417000
2025-12-06 13:00:00,30.84600000,31.17700000,30.58300000,30.84800000,4865691.54333000
2025-12-06 17:00:00,30.84800000,31.46900000,30.83100000,31.00500000,3546646.28438000
2025-12-06 21:00:00,31.00500000,31.27200000,30.73500000,30.94400000,2254744.68506000
2025-12-07 01:00:00,30.94400000,31.15800000,30.79100000,30.95300000,1246430.93447000
2025-12-07 05:00:00,30.95300000,31.21400000,30.49700000,30.51500000,2762668.16615000
2025-12-07 09:00:00,30.51500000,30.54200000,29.13400000,29.67100000,11770683.39406000
2025-12-07 13:00:00,29.67100000,30.08500000,28.13800000,29.06600000,13904184.11684000
2025-12-07 17:00:00,29.06600000,29.86700000,28.77700000,29.68300000,6640943.74956000
2025-12-07 21:00:00,29.68300000,29.91200000,28.42000000,29.71900000,8855345.13701000
2025-12-08 01:00:00,29.71900000,30.94500000,29.43600000,29.98300000,4999608.46135000
2025-12-08 05:00:00,29.98300000,30.52700000,29.85800000,29.99400000,2207163.68876000
2025-12-08 09:00:00,29.99400000,30.84200000,29.95400000,30.64300000,3793989.82872000
2025-12-08 13:00:00,30.64300000,30.69300000,29.10800000,29.56200000,6653830.99752000
2025-12-08 17:00:00,29.56200000,30.01700000,28.64000000,29.07000000,10362872.93809000
2025-12-08 21:00:00,29.07000000,29.88900000,29.03900000,29.48400000,3555402.29270000
2025-12-09 01:00:00,29.48400000,29.52700000,28.44500000,28.62900000,4079004.85862000
2025-12-09 05:00:00,28.62900000,28.72500000,27.43800000,28.29700000,10490391.98862000
2025-12-09 09:00:00,28.29700000,28.41900000,27.48900000,27.97800000,17123433.63780000
2025-12-09 13:00:00,27.97800000,28.79200000,27.77700000,28.53100000,6390407.88689000
2025-12-09 17:00:00,28.53100000,29.30000000,28.23500000,29.06700000,10987577.73170000
2025-12-09 21:00:00,29.06700000,29.13900000,27.48800000,27.89700000,26298697.93026000
2025-12-10 01:00:00,27.89700000,28.92700000,27.61400000,28.82700000,10436801.44083000
2025-12-10 05:00:00,28.82700000,29.53300000,28.63900000,29.29900000,5673556.29414000
2025-12-10 09:00:00,29.29900000,29.47600000,28.96300000,29.10600000,3080819.27984000
2025-12-10 13:00:00,29.10600000,29.30400000,28.71200000,29.02500000,3166012.12765000
2025-12-10 17:00:00,29.02500000,29.91300000,28.80100000,29.47200000,6817731.54840000
2025-12-10 21:00:00,29.47200000,29.97300000,28.80800000,28.81800000,20139365.72706000
2025-12-11 01:00:00,28.81800000,29.15800000,28.12100000,28.59400000,19525805.65694000
2025-12-11 05:00:00,28.59400000,28.83000000,27.90300000,28.05200000,4353098.21445000
2025-12-11 09:00:00,28.05200000,28.08500000,27.07100000,27.20700000,8995880.46298000
2025-12-11 13:00:00,27.20700000,28.10000000,26.88000000,27.52800000,12164300.48348000
2025-12-11 17:00:00,27.52800000,28.55200000,27.41600000,28.16500000,6916084.95587000
2025-12-11 21:00:00,28.16500000,29.21500000,28.15900000,29.12800000,5064410.38000000
2025-12-12 01:00:00,29.12800000,29.60500000,28.81000000,29.43300000,3925222.56096000
2025-12-12 05:00:00,29.43300000,29.80000000,29.26500000,29.47900000,2763187.00833000
2025-12-12 09:00:00,29.47900000,29.97200000,29.11900000,29.83700000,4662779.05271000
2025-12-12 13:00:00,29.83700000,29.89600000,28.57500000,28.87100000,6839050.15693000
2026-02-07 09:00:00,32.97900000,33.85300000,32.48600000,32.73900000,4429896.11340000
2026-02-07 13:00:00,32.73900000,33.26200000,31.87800000,32.06400000,5647788.60416000
2026-02-07 17:00:00,32.06400000,32.52000000,31.18000000,31.54800000,13062772.56455000
2026-02-07 21:00:00,31.54800000,32.04500000,31.00800000,31.40100000,5681196.19729000
2026-02-08 01:00:00,31.40100000,31.95700000,30.97200000,31.30700000,5851097.16354000
2026-02-08 05:00:00,31.30700000,31.88500000,30.49200000,31.02900000,6394288.36097000
2026-02-08 09:00:00,31.02900000,32.15500000,30.72800000,32.04800000,5174715.10907000
2026-02-08 13:00:00,32.04800000,32.24900000,31.07600000,31.61800000,4042713.11925000
2026-02-08 17:00:00,31.61800000,32.95900000,31.40300000,32.73700000,5638566.68508000
2026-02-08 21:00:00,32.73700000,33.03000000,32.03700000,32.44100000,4919295.55280000
2026-02-09 01:00:00,32.44100000,33.51600000,32.22400000,33.12100000,6142430.66071000
2026-02-09 05:00:00,33.12100000,33.24800000,32.27800000,32.42700000,2634748.75761000
2026-02-09 09:00:00,32.42700000,32.51700000,31.23500000,31.36500000,4403615.99892000
2026-02-09 13:00:00,31.36500000,32.13600000,31.17400000,31.27300000,5174617.82111000
2026-02-09 17:00:00,31.27300000,32.24900000,30.90600000,32.06000000,5651951.57233000
2026-02-09 21:00:00,32.06000000,32.15300000,31.22600000,31.32800000,2658750.87197000
2026-02-10 01:00:00,31.32800000,31.55700000,30.58800000,30.78100000,4232249.73530000
2026-02-10 05:00:00,30.78100000,31.00700000,29.73900000,30.00700000,5974317.12631000
2026-02-10 09:00:00,30.00700000,30.28700000,29.52100000,29.52500000,4789225.54167000
2026-02-10 13:00:00,29.52500000,30.06300000,29.22200000,29.80200000,6687770.20382000
2026-02-10 17:00:00,29.80200000,30.53200000,29.57000000,29.83700000,4720369.70984000
2026-02-10 21:00:00,29.83700000,29.89300000,28.75400000,28.84200000,4706612.13483000
2026-02-11 01:00:00,28.84200000,29.25500000,28.68700000,28.79000000,3437603.10130000
2026-02-11 05:00:00,28.79000000,29.42300000,28.56400000,28.73900000,4418615.73903000
2026-02-11 09:00:00,28.73900000,29.26600000,28.36500000,29.09400000,3860717.72185000
2026-02-11 13:00:00,29.09400000,29.37300000,28.29300000,28.90400000,5303626.85486000
2026-02-11 17:00:00,28.90400000,29.78900000,28.90000000,29.51300000,4928020.51479000
2026-02-11 21:00:00,29.51300000,30.19800000,29.17900000,29.37100000,3982277.99229000
2026-02-12 01:00:00,29.37100000,30.92600000,29.36700000,30.53900000,4557859.90203000
2026-02-12 05:00:00,30.53900000,30.69600000,29.98100000,30.22300000,2774391.00120000
2026-02-12 09:00:00,30.22300000,31.79000000,30.11600000,31.62400000,4703453.02234000
2026-02-12 13:00:00,31.62400000,31.82400000,30.63700000,30.77900000,5654956.82839000
2026-02-12 17:00:00,30.77900000,30.90300000,29.28200000,29.73200000,9316735.84391000
2026-02-12 21:00:00,29.73200000,31.12300000,29.37600000,31.08900000,5101245.44506000
2026-02-13 01:00:00,31.08900000,31.40900000,30.41800000,30.74900000,6077060.78815000
2026-02-13 05:00:00,30.74900000,30.95800000,30.46900000,30.71500000,2291569.84762000
2026-02-13 09:00:00,30.71500000,30.77500000,30.18600000,30.52900000,2305227.45826000
2026-02-13 13:00:00,30.52900000,32.33400000,29.97000000,31.53200000,6622671.03742000
2026-02-13 17:00:00,31.53200000,32.12300000,31.32200000,31.39200000,3873148.53196000
2026-02-13 21:00:00,31.39200000,31.74900000,31.00600000,31.56400000,2368001.81990000
2026-02-14 01:00:00,31.56400000,32.24700000,31.45800000,31.90500000,2373027.72485000
2026-02-14 05:00:00,31.90500000,31.91400000,31.24700000,31.77500000,2310774.62480000
2026-02-14 09:00:00,31.77500000,32.29500000,31.47500000,32.09500000,2355361.69744000
2026-02-14 13:00:00,32.09500000,32.20400000,30.98800000,31.45200000,5580440.16363000
2026-02-14 17:00:00,31.45200000,31.52600000,30.71400000,31.45900000,3451725.48349000
2026-02-14 21:00:00,31.45900000,31.95200000,31.36000000,31.83300000,3884282.08649000
2026-02-15 01:00:00,31.83300000,32.00200000,31.14100000,31.42100000,2716841.15270000
2026-02-15 05:00:00,31.42100000,31.80300000,31.22800000,31.33700000,1755484.30396000
2026-02-15 09:00:00,31.33700000,31.65200000,30.68000000,31.47300000,2599181.42790000
2026-02-15 13:00:00,31.47300000,31.66900000,30.51000000,30.95500000,2957238.79604000
2026-02-15 17:00:00,30.95500000,31.14600000,30.44400000,30.56200000,2546478.02789000
2026-02-15 21:00:00,30.56200000,30.71200000,30.25200000,30.69400000,1811829.16271000
2026-02-16 01:00:00,30.69400000,30.95600000,30.00000000,30.29700000,2571264.76114000
2026-02-16 05:00:00,30.29700000,30.35300000,29.54500000,29.66200000,2181636.50814000
2026-02-16 09:00:00,29.66200000,30.14500000,29.60100000,29.92600000,3211731.23816000
2026-02-16 13:00:00,29.92600000,30.61200000,29.56500000,29.81600000,5173266.55224000
2026-02-16 17:00:00,29.81600000,30.03200000,29.67600000,29.87100000,1739468.27717000
2026-02-16 21:00:00,29.87100000,31.26100000,29.83700000,31.24700000,3186907.02071000
2026-02-17 01:00:00,31.24700000,31.40000000,30.76200000,30.85900000,2521688.66995000
2026-02-17 05:00:00,30.85900000,31.05400000,30.02500000,30.12800000,2380247.04997000
2026-02-17 09:00:00,30.12800000,30.23300000,29.23500000,29.35800000,3407239.44052000
2026-02-17 13:00:00,29.35800000,29.84000000,29.01900000,29.56700000,3835715.94424000
2026-02-17 17:00:00,29.56700000,30.13000000,29.25800000,29.53300000,3919618.01363000
2026-02-17 21:00:00,29.53300000,29.91700000,29.33900000,29.50200000,1482150.67551000
2026-02-18 01:00:00,29.50200000,29.60500000,28.83000000,29.26900000,2585459.90903000
2026-02-18 05:00:00,29.26900000,29.71700000,29.20400000,29.65300000,1467427.07561000
2026-02-18 09:00:00,29.65300000,29.77800000,28.81500000,28.88600000,2331303.75941000
2026-02-18 13:00:00,28.88600000,29.59300000,28.55100000,29.20100000,4043508.67123000
2026-02-18 17:00:00,29.20100000,29.28600000,28.42600000,28.74300000,4802078.95547000
2026-02-18 21:00:00,28.74300000,28.96100000,28.22600000,28.67400000,3562469.75446000
2026-02-19 01:00:00,28.67400000,28.78100000,28.23100000,28.73800000,1162712.60008000
2026-02-19 05:00:00,28.73800000,29.19500000,28.51200000,29.18400000,1493733.62288000
2026-02-19 09:00:00,29.18400000,29.20800000,28.28100000,28.38700000,2548030.76897000
2026-02-19 13:00:00,28.38700000,28.44000000,27.72400000,28.35300000,5260130.99929000
2026-02-19 17:00:00,28.35300000,28.92800000,28.14400000,28.68000000,3361437.53968000
2026-02-19 21:00:00,28.68000000,29.39400000,28.63000000,28.99700000,2275822.63460000
2026-02-20 01:00:00,28.99700000,29.56700000,28.96700000,29.48700000,2910920.49369000
2026-02-20 05:00:00,29.48700000,29.51800000,29.00400000,29.06000000,2207926.75933000
2026-02-20 09:00:00,29.06000000,29.73800000,28.93200000,29.39800000,5238880.67439000
2026-02-20 13:00:00,29.39800000,29.91100000,28.61400000,29.83200000,6278273.28379000
2026-02-20 17:00:00,29.83200000,30.33800000,29.51600000,30.07600000,4332468.40054000
2026-02-20 21:00:00,30.07600000,30.42800000,29.89400000,30.36400000,1675009.61094000
2026-02-21 01:00:00,30.36400000,30.56800000,30.12200000,30.27900000,1841400.36293000
2026-02-21 05:00:00,30.27900000,30.42100000,30.05600000,30.08700000,1033431.32283000
2026-02-21 09:00:00,30.08700000,30.51800000,30.08700000,30.12200000,1387089.31624000
2026-02-21 13:00:00,30.12200000,30.20200000,29.73500000,29.91600000,2110935.26910000
2026-02-21 17:00:00,29.91600000,30.08100000,29.67100000,29.84300000,1641032.42518000
2026-02-21 21:00:00,29.84300000,29.88400000,29.53800000,29.73100000,1205556.96914000
2026-02-22 01:00:00,29.73100000,29.95100000,29.58700000,29.71500000,1051662.25760000
2026-02-22 05:00:00,29.71500000,29.75900000,29.43000000,29.43900000,812452.62364000
2026-02-22 09:00:00,29.43900000,29.84900000,29.35100000,29.68600000,1638236.69354000
2026-02-22 13:00:00,29.68600000,29.71300000,28.99000000,29.20200000,2570132.62906000
2026-02-22 17:00:00,29.20200000,29.21200000,28.68900000,28.75800000,1441278.13765000
2026-02-22 21:00:00,28.75800000,29.03900000,28.75400000,29.01600000,877639.42116000
2026-02-23 01:00:00,29.01600000,29.04600000,26.85600000,27.23700000,6998445.50425000
2026-02-23 05:00:00,27.23700000,27.88700000,26.91900000,27.69900000,2686924.62332000
2026-02-23 09:00:00,27.69900000,28.21400000,27.40900000,27.63700000,2329746.94521000
2026-02-23 13:00:00,27.63700000,27.69100000,26.36500000,26.57300000,6610078.96251000
2026-02-23 17:00:00,26.57300000,26.73900000,25.63600000,26.29200000,6525438.30636000
2026-02-23 21:00:00,26.29200000,26.64200000,26.12800000,26.36800000,2929707.90807000
2026-02-24 01:00:00,26.36800000,26.53600000,25.62800000,26.24500000,3569033.17668000
2026-02-24 05:00:00,26.24500000,26.37000000,25.89000000,26.27900000,1448583.29108000
2026-02-24 09:00:00,26.27900000,26.66900000,26.18200000,26.47600000,2029791.86539000
2026-02-24 13:00:00,26.47600000,27.02300000,26.10700000,26.77200000,3763986.35331000
2026-02-24 17:00:00,26.77200000,27.28700000,26.74000000,27.20600000,3788370.01681000
2026-02-24 21:00:00,27.20600000,27.42100000,26.95800000,27.08000000,2981363.09059000
2026-02-25 01:00:00,27.08000000,27.97700000,26.95800000,27.04900000,4705452.67583000
2026-02-25 05:00:00,27.04900000,27.28100000,26.74000000,26.90600000,1956584.49221000
2026-02-25 09:00:00,26.90600000,27.18200000,26.74900000,27.17400000,1618589.55480000
2026-02-25 13:00:00,27.17400000,28.50700000,27.01700000,27.97300000,4809179.09551000
2026-02-25 17:00:00,27.97300000,29.05200000,27.89900000,28.77500000,5572016.64445000
2026-02-25 21:00:00,28.77500000,28.97600000,27.60000000,27.88600000,5982990.33094000
2026-02-26 01:00:00,27.88600000,28.63400000,27.72300000,28.02900000,2678775.38785000
2026-02-26 05:00:00,28.02900000,28.56000000,27.99700000,28.23700000,1835528.49030000
2026-02-26 09:00:00,28.23700000,29.36800000,28.08500000,28.44100000,3853091.37272000
2026-02-26 13:00:00,28.44100000,29.40800000,28.12400000,28.44400000,5600066.30985000
2026-02-26 17:00:00,28.44400000,28.72200000,27.82800000,28.50800000,4147171.72191000
2026-02-26 21:00:00,28.50800000,28.71100000,28.09300000,28.10800000,1598088.89453000
2026-02-27 01:00:00,28.10800000,28.84500000,27.89900000,28.82800000,1551116.99865000
2026-02-27 05:00:00,28.82800000,29.63300000,28.79100000,29.28600000,2709699.56723000
2026-02-27 09:00:00,29.28600000,29.92800000,28.28000000,28.31700000,4449352.95589000
2026-02-27 13:00:00,28.31700000,28.41400000,27.82400000,28.16500000,3518085.97922000
2026-02-27 17:00:00,28.16500000,28.17900000,26.86200000,27.08800000,4092949.00673000
2026-02-27 21:00:00,27.08800000,27.41800000,26.73100000,27.28000000,1686591.31041000
2026-02-28 01:00:00,27.28000000,27.53600000,26.79300000,26.87600000,1465258.42026000
2026-02-28 05:00:00,26.87600000,27.04700000,26.07800000,26.62900000,3088477.36959000
2026-02-28 09:00:00,26.62900000,27.70400000,26.53900000,27.26100000,2655787.57539000
2026-02-28 13:00:00,27.26100000,28.21700000,27.11300000,28.15800000,4022026.66411000
2026-02-28 17:00:00,28.15800000,29.68700000,28.00500000,29.48400000,7320863.33948000
2026-02-28 21:00:00,29.48400000,31.39200000,29.37300000,31.19300000,7665837.26636000
2026-03-01 01:00:00,31.19300000,31.29900000,30.16100000,30.88900000,4637184.47688000
2026-03-01 05:00:00,30.88900000,31.53000000,30.65000000,30.91300000,3029951.95126000
2026-03-01 09:00:00,30.91300000,31.18900000,30.42100000,31.03700000,2790851.23161000
2026-03-01 13:00:00,31.03700000,31.55900000,30.59200000,31.39100000,4037929.06198000
2026-03-01 17:00:00,31.39100000,31.90000000,30.72600000,31.57900000,7198919.57989000
2026-03-01 21:00:00,31.57900000,32.31000000,31.20100000,31.53000000,9307125.15745000
2026-03-02 01:00:00,31.53000000,32.74200000,31.49200000,32.02700000,8011707.67559000
2026-03-02 05:00:00,32.02700000,32.06900000,29.95100000,30.31400000,5516803.44366000
2026-03-02 09:00:00,30.31400000,30.73300000,30.20200000,30.68700000,2710411.48039000
2026-03-02 13:00:00,30.68700000,32.52600000,30.36300000,32.15900000,8492318.77868000
2026-03-02 17:00:00,32.15900000,33.69000000,31.94600000,32.43800000,7391849.28560000
2026-03-02 21:00:00,32.43800000,33.24700000,31.92400000,32.80200000,4508462.93872000
2026-03-03 01:00:00,32.80200000,33.27500000,32.25200000,32.96800000,3468340.55280000
2026-03-03 05:00:00,32.96800000,33.54600000,32.31900000,33.02100000,4287509.00346000
2026-03-03 09:00:00,33.02100000,33.04400000,31.54400000,31.92100000,4246259.49957000
2026-03-03 13:00:00,31.92100000,32.36900000,31.00000000,31.88500000,4621761.97301000
2026-03-03 17:00:00,31.88500000,32.84200000,31.66600000,31.77400000,6275480.49820000
2026-03-03 21:00:00,31.77400000,31.89600000,30.80700000,31.29100000,4402693.47649000
2026-03-04 01:00:00,31.29100000,31.64800000,30.72900000,30.97200000,2726268.98018000
2026-03-04 05:00:00,30.97200000,32.19400000,30.77200000,32.18100000,2507107.08992000
2026-03-04 09:00:00,32.18100000,32.98700000,31.74800000,32.54200000,4935560.88032000
2026-03-04 13:00:00,32.54200000,33.21000000,32.12700000,33.11300000,4887125.03768000
2026-03-04 17:00:00,33.11300000,33.18800000,32.00800000,32.41400000,5369038.25525000
2026-03-04 21:00:00,32.41400000,32.51800000,31.34400000,32.14000000,3162536.53159000
2026-03-05 01:00:00,32.14000000,32.22300000,31.30100000,31.48300000,1917799.05019000
2026-03-05 05:00:00,31.48300000,31.85700000,31.35200000,31.53500000,1956868.04711000
2026-03-05 09:00:00,31.53500000,32.25900000,31.51100000,31.78800000,2685746.94089000
2026-03-05 13:00:00,31.78800000,32.05100000,30.93200000,31.28400000,3529077.21102000
2026-03-05 17:00:00,31.28400000,31.29000000,30.23300000,30.37400000,3764008.00965000
2026-03-05 21:00:00,30.37400000,30.94900000,30.37000000,30.52900000,1641760.81099000
2026-03-06 01:00:00,30.52900000,30.73100000,30.33500000,30.65200000,1279465.56421000
2026-03-06 05:00:00,30.65200000,31.12900000,30.50300000,30.79600000,1689511.75554000
2026-03-06 09:00:00,30.79600000,30.88700000,30.19000000,30.35200000,1591750.76928000
2026-03-06 13:00:00,30.35200000,30.85100000,29.52000000,29.84300000,5237419.38653000
2026-03-06 17:00:00,29.84300000,30.49700000,29.44800000,30.35700000,3461978.66761000
2026-03-06 21:00:00,30.35700000,31.32900000,30.31400000,31.01800000,5103934.73702000
2026-03-07 01:00:00,31.01800000,31.08300000,30.60400000,30.75900000,2444472.00940000
2026-03-07 05:00:00,30.75900000,30.76900000,30.25500000,30.43900000,1767250.87569000
2026-03-07 09:00:00,30.43900000,31.07900000,30.26900000,30.89600000,2084559.04860000
2026-03-07 13:00:00,30.89600000,31.10400000,30.59300000,30.70600000,2016250.59493000
2026-03-07 17:00:00,30.70600000,30.94700000,29.78500000,30.15100000,4156070.71755000
2026-03-07 21:00:00,30.15100000,30.30300000,29.86000000,30.28900000,2466742.11315000
2026-03-08 01:00:00,30.28900000,30.36000000,30.00300000,30.06400000,1226019.33230000
2026-03-08 05:00:00,30.06400000,30.24900000,29.67900000,30.16500000,1217628.57077000
2026-03-08 09:00:00,30.16500000,30.66100000,30.05600000,30.32100000,2674117.76056000
2026-03-08 13:00:00,30.32100000,30.79900000,30.05100000,30.52100000,1790192.33819000
2026-03-08 17:00:00,30.52100000,30.76400000,30.08100000,30.76400000,2115037.78475000
2026-03-08 21:00:00,30.76400000,31.22400000,30.09200000,30.68900000,4339988.09582000
2026-03-09 01:00:00,30.68900000,31.41600000,30.24500000,30.51300000,4740035.96913000
2026-03-09 05:00:00,30.51300000,31.07500000,30.38100000,30.68300000,2202616.09834000
2026-03-09 09:00:00,30.68300000,31.45100000,30.65800000,31.38900000,2891171.16779000
2026-03-09 13:00:00,31.38900000,33.46400000,31.37200000,32.39300000,9847952.08797000
2026-03-09 17:00:00,32.39300000,34.81300000,32.34900000,34.09500000,13599260.67093000
2026-03-09 21:00:00,34.09500000,35.35700000,33.92100000,34.66100000,8529153.49347000
2026-03-10 01:00:00,34.66100000,34.73600000,33.45400000,34.71600000,7737382.12059000
2026-03-10 05:00:00,34.71600000,34.85600000,33.85200000,34.53200000,3175642.59855000
2026-03-10 09:00:00,34.53200000,35.14000000,34.51500000,34.91300000,3207998.58679000
2026-03-10 13:00:00,34.91300000,35.17100000,33.92300000,34.78600000,6660554.71687000
2026-03-10 17:00:00,34.78600000,34.86400000,33.66500000,33.93400000,4705760.96817000
2026-03-10 21:00:00,33.93400000,34.26400000,33.56800000,34.15800000,1938881.06378000
2026-03-11 01:00:00,34.15800000,34.81000000,34.05500000,34.33700000,1788292.36212000
2026-03-11 05:00:00,34.33700000,34.98200000,34.30800000,34.38200000,2003314.00523000
2026-03-11 09:00:00,34.38200000,35.01900000,34.11500000,34.85800000,1839065.17837000
2026-03-11 13:00:00,34.85800000,36.99900000,34.75300000,36.31600000,11468005.97253000
2026-03-11 17:00:00,36.31600000,36.76500000,35.90200000,36.31500000,4217435.23036000
2026-03-11 21:00:00,36.31500000,36.56000000,35.76700000,36.20800000,3857447.56195000
2026-03-12 01:00:00,36.20800000,37.07300000,35.77600000,35.84300000,5784658.50167000
2026-03-12 05:00:00,35.84300000,37.43600000,35.84200000,36.80400000,7864918.12168000
2026-03-12 09:00:00,36.80400000,38.02900000,36.72700000,37.31800000,5804183.84801000
2026-03-12 13:00:00,37.31800000,37.98600000,36.85300000,37.38900000,10569995.55369000
2026-05-10 06:00:00,42.84200000,43.17500000,42.77800000,43.04200000,1228316.90186000
2026-05-10 10:00:00,43.04200000,43.16400000,42.66900000,42.81400000,1138749.28340000
2026-05-10 14:00:00,42.81400000,43.28800000,42.56500000,43.23300000,2176128.30271000
2026-05-10 18:00:00,43.23300000,43.68900000,43.11300000,43.45000000,3401933.41774000
2026-05-10 22:00:00,43.45000000,43.67400000,42.13100000,42.99500000,5017539.67078000
2026-05-11 02:00:00,42.99500000,43.14300000,41.97000000,42.22100000,2374280.88468000
2026-05-11 06:00:00,42.22100000,42.27000000,41.72000000,41.85900000,1995344.42400000
2026-05-11 10:00:00,41.85900000,42.10100000,41.32000000,41.43700000,3276635.60160000
2026-05-11 14:00:00,41.43700000,41.67000000,40.82500000,41.66500000,6218146.53623000
2026-05-11 18:00:00,41.66500000,42.23100000,41.51200000,42.17100000,3601961.88073000
2026-05-11 22:00:00,42.17100000,42.21200000,41.79000000,41.98500000,1444669.00195000
2026-05-12 02:00:00,41.98500000,42.03200000,40.86800000,40.98200000,2478873.35595000
2026-05-12 06:00:00,40.98200000,41.35900000,40.81800000,41.28100000,2000247.68399000
2026-05-12 10:00:00,41.28100000,41.38900000,40.57900000,41.04000000,2912172.69326000
2026-05-12 14:00:00,41.04000000,41.13800000,40.07100000,40.28100000,4501645.58060000
2026-05-12 18:00:00,40.28100000,40.47400000,39.82500000,40.41700000,3251320.86690000
2026-05-12 22:00:00,40.41700000,40.56300000,40.13200000,40.24300000,1243148.62428000
2026-05-13 02:00:00,40.24300000,40.67300000,40.03100000,40.42900000,1492269.70513000
2026-05-13 06:00:00,40.42900000,40.44100000,39.86900000,40.16500000,2544879.28056000
2026-05-13 10:00:00,40.16500000,40.19400000,39.22900000,39.23000000,5876922.79675000
2026-05-13 14:00:00,39.23000000,39.56400000,38.82600000,38.86000000,12976140.24705000
2026-05-13 18:00:00,38.86000000,39.34400000,38.85400000,39.09300000,4293495.03502000
2026-05-13 22:00:00,39.09300000,39.20900000,38.67600000,38.82200000,4551328.79966000
2026-05-14 02:00:00,38.82200000,39.05500000,38.16100000,38.32200000,5172132.70362000
2026-05-14 06:00:00,38.32200000,39.29400000,38.29600000,38.99600000,3508855.21348000
2026-05-14 10:00:00,38.99600000,39.15900000,38.86800000,38.89600000,1904730.72994000
2026-05-14 14:00:00,38.89600000,42.78100000,38.88400000,42.60600000,18550015.20741000
2026-05-14 18:00:00,42.60600000,44.78000000,42.32100000,44.66100000,18492961.16160000
2026-05-14 22:00:00,44.66100000,44.68000000,43.61100000,44.12500000,11916394.31246000
2026-05-15 02:00:00,44.12500000,46.99000000,44.12400000,46.65700000,19414506.46135000
2026-05-15 06:00:00,46.65700000,46.91800000,45.14200000,46.66200000,14120532.62062000
2026-05-15 10:00:00,46.66200000,46.67900000,44.97100000,45.67400000,13299108.38252000
2026-05-15 14:00:00,45.67400000,45.76700000,42.71200000,44.09300000,29470605.68794000
2026-05-15 18:00:00,44.09300000,45.09500000,43.67400000,44.58400000,9819566.58381000
2026-05-15 22:00:00,44.58400000,44.94200000,43.81400000,44.16900000,5873064.06008000
2026-05-16 02:00:00,44.16900000,44.49900000,43.01300000,43.21500000,6421868.21147000
2026-05-16 06:00:00,43.21500000,43.21700000,41.33800000,41.98400000,9666977.84123000
2026-05-16 10:00:00,41.98400000,42.10300000,40.35300000,40.82600000,10400360.36391000
2026-05-16 14:00:00,40.82600000,41.31100000,40.70600000,40.86200000,4880783.37782000
2026-05-16 18:00:00,40.86200000,41.83600000,40.60400000,41.64100000,5615629.93264000
2026-05-16 22:00:00,41.64100000,42.06600000,41.63400000,41.81100000,5084650.10399000
2026-05-17 02:00:00,41.81100000,42.69200000,41.35200000,42.40200000,9284360.40793000
2026-05-17 06:00:00,42.40200000,42.93200000,41.91400000,42.77200000,6070167.38078000
2026-05-17 10:00:00,42.77200000,43.46700000,42.59500000,42.90100000,6335579.46767000
2026-05-17 14:00:00,42.90100000,44.00100000,42.51200000,43.58500000,11559249.84502000
2026-05-17 18:00:00,43.58500000,47.11700000,43.37200000,46.70800000,21884136.61212000
2026-05-17 22:00:00,46.70800000,47.27800000,44.66100000,45.68500000,22109784.37024000
2026-05-18 02:00:00,45.68500000,46.97500000,45.08700000,45.48600000,14532558.26169000
2026-05-18 06:00:00,45.48600000,46.06600000,44.84000000,45.27500000,7333100.02475000
2026-05-18 10:00:00,45.27500000,45.87800000,44.79500000,45.48300000,7920672.35532000
2026-05-18 14:00:00,45.48300000,46.25700000,44.21600000,44.73600000,18442985.77417000
2026-05-18 18:00:00,44.73600000,46.39900000,44.68300000,46.37600000,9790294.81189000
2026-05-18 22:00:00,46.37600000,47.94000000,45.69300000,47.73900000,14766474.82629000
2026-05-19 02:00:00,47.73900000,48.54200000,46.84100000,47.75500000,12091310.81251000
2026-05-19 06:00:00,47.75500000,48.42100000,47.20500000,47.80100000,6588561.84837000
2026-05-19 10:00:00,47.80100000,48.68500000,47.51900000,47.75200000,10197190.67949000
2026-05-19 14:00:00,47.75200000,48.50000000,47.26000000,47.80600000,15323120.06303000
2026-05-19 18:00:00,47.80600000,48.91600000,47.67600000,48.74500000,15502606.69676000
2026-05-19 22:00:00,48.74500000,48.76000000,47.64200000,48.03600000,5418508.93510000
2026-05-20 02:00:00,48.03600000,48.06700000,47.08600000,47.45700000,6019614.26737000
2026-05-20 06:00:00,47.45700000,48.66500000,47.33300000,48.46500000,8480710.55393000
2026-05-20 10:00:00,48.46500000,50.13300000,48.43200000,49.73200000,15316524.92212000
2026-05-20 14:00:00,49.73200000,52.10000000,49.52100000,51.43600000,30006064.66862000
2026-05-20 18:00:00,51.43600000,52.98300000,51.23500000,52.94600000,20394816.16911000
2026-05-20 22:00:00,52.94600000,54.82200000,51.66400000,54.80500000,32401986.03960000
2026-05-21 02:00:00,54.80500000,57.15800000,54.69000000,56.75700000,38903347.01430000
2026-05-21 06:00:00,56.75700000,58.56800000,55.74600000,58.37500000,33140719.62441000
2026-05-21 10:00:00,58.37500000,59.23200000,56.71400000,57.20200000,56508853.34076000
2026-05-21 14:00:00,57.20200000,62.64500000,56.66700000,61.14600000,91962691.70145001
2026-05-21 18:00:00,61.14600000,61.16300000,57.31000000,57.81700000,48868367.09683000
2026-05-21 22:00:00,57.81700000,59.17900000,56.29400000,58.60500000,22225673.74365000
2026-05-22 02:00:00,58.60500000,58.66700000,56.67200000,57.52400000,17070315.69675000
2026-05-22 06:00:00,57.52400000,58.35800000,57.03800000,57.95200000,16770953.80025000
2026-05-22 10:00:00,57.95200000,60.93300000,57.63700000,60.89600000,28058446.29434000
2026-05-22 14:00:00,60.89600000,61.92500000,57.73400000,57.91000000,69499748.71220000
2026-05-22 18:00:00,57.91000000,58.54400000,55.05900000,55.67700000,37310660.67599000
2026-05-22 22:00:00,55.67700000,56.45400000,54.30600000,54.63700000,21128800.34202000
2026-05-23 02:00:00,54.63700000,55.97400000,54.05800000,55.97200000,15575925.75896000
2026-05-23 06:00:00,55.97200000,55.97200000,54.69400000,55.61600000,13885016.73713000
2026-05-23 10:00:00,55.61600000,56.31600000,54.92000000,55.03200000,16709696.45416000
2026-05-23 14:00:00,55.03200000,57.74500000,54.51000000,57.20700000,26189083.57670000
2026-05-23 18:00:00,57.20700000,58.84600000,57.01100000,58.31200000,24731107.95809000
2026-05-23 22:00:00,58.31200000,59.91100000,57.45900000,58.72700000,24160518.94195000
2026-05-24 02:00:00,58.72700000,61.54000000,58.64700000,60.15500000,20674825.37379000
2026-05-24 06:00:00,60.15500000,62.14100000,59.69300000,61.99300000,19578061.21703000
2026-05-24 10:00:00,61.99300000,64.44000000,61.60700000,62.87500000,44297410.52427000
2026-05-24 14:00:00,62.87500000,64.38800000,61.60000000,63.72200000,32954723.07397000
2026-05-24 18:00:00,63.72200000,64.69600000,62.62600000,63.02000000,21553136.47125000
2026-05-24 22:00:00,63.02000000,63.82200000,61.40000000,62.82700000,24600602.58748000
2026-05-25 02:00:00,62.82700000,62.96000000,60.78500000,61.49500000,15160857.72831000
2026-05-25 06:00:00,61.49500000,63.55800000,60.99900000,63.47200000,16832729.57345000
2026-05-25 10:00:00,63.47200000,64.00000000,62.71300000,63.41000000,13122109.42498000
2026-05-25 14:00:00,63.41000000,63.85900000,62.35900000,62.57400000,15299997.50033000
2026-05-25 18:00:00,62.57400000,62.63500000,61.39100000,62.05100000,12602253.83335000
2026-05-25 22:00:00,62.05100000,62.04800000,60.69100000,61.13800000,11689364.42908000
2026-05-26 02:00:00,61.13800000,61.27800000,58.61300000,59.35500000,18474468.27154000
2026-05-26 06:00:00,59.35500000,60.81700000,59.00800000,59.77200000,11906334.37519000
2026-05-26 10:00:00,59.77200000,61.84400000,59.17200000,61.17400000,17568449.89310000
2026-05-26 14:00:00,61.17400000,64.78900000,60.46300000,62.53700000,49103260.06331000
2026-05-26 18:00:00,62.53700000,63.63400000,60.15100000,60.80100000,32855813.15424000
2026-05-26 22:00:00,60.80100000,60.86900000,58.76600000,59.57200000,15954247.23623000
2026-05-27 02:00:00,59.57200000,61.15300000,59.40500000,60.11200000,14013450.31550000
2026-05-27 06:00:00,60.11200000,62.72300000,59.60600000,62.18500000,19892245.54329000
2026-05-27 10:00:00,62.18500000,63.35900000,61.80900000,62.33600000,18487293.69552000
2026-05-27 14:00:00,62.33600000,63.12100000,59.60800000,60.54600000,38500835.18978000
2026-05-27 18:00:00,60.54600000,60.68000000,58.98100000,60.15600000,20537006.03564000
2026-05-27 22:00:00,60.15600000,60.54300000,57.40400000,57.73500000,25872551.94855000
2026-05-28 02:00:00,57.73500000,58.62600000,56.80100000,57.13800000,14281765.57738000
2026-05-28 06:00:00,57.13800000,58.32700000,56.58400000,58.10200000,17302323.92114000
2026-05-28 10:00:00,58.10200000,58.12600000,56.37900000,57.09900000,13483126.88197000
2026-05-28 14:00:00,57.09900000,58.85800000,56.28700000,57.68800000,30327859.55807000
2026-05-28 18:00:00,57.68800000,61.57200000,57.40300000,60.95000000,24704630.96144000
2026-05-28 22:00:00,60.95000000,62.13000000,60.14300000,61.54800000,19535953.89423000
2026-05-29 02:00:00,61.54800000,62.57100000,60.36300000,61.32900000,16020362.44801000
2026-05-29 06:00:00,61.32900000,62.88600000,60.85500000,62.85800000,11395350.28697000
2026-05-29 10:00:00,62.85800000,63.52100000,61.90300000,62.21700000,18526506.82542000
2026-05-29 14:00:00,62.21700000,66.79900000,61.45400000,65.66100000,63249755.92875000
2026-05-29 18:00:00,65.66100000,67.58100000,64.82400000,66.26900000,37026828.09533000
2026-05-29 22:00:00,66.26900000,66.48300000,63.92700000,64.44100000,14079982.84462000
2026-05-30 02:00:00,64.44100000,66.04200000,64.12300000,65.15000000,9449264.30930000
2026-05-30 06:00:00,65.15000000,66.34600000,63.99700000,66.07600000,14466284.66200000
2026-05-30 10:00:00,66.07600000,68.04400000,65.83200000,67.85700000,21158482.45325000
2026-05-30 14:00:00,67.85700000,68.65300000,66.59400000,67.17400000,37785941.39428000
2026-05-30 18:00:00,67.17400000,68.39800000,66.21300000,67.83700000,22598636.57273000
2026-05-30 22:00:00,67.83700000,68.33600000,67.04900000,68.30300000,12275674.58003000
2026-05-31 02:00:00,68.30300000,69.59200000,68.00100000,68.79800000,19391566.44682000
2026-05-31 06:00:00,68.79800000,70.40400000,68.39600000,69.22400000,25978869.80286000
2026-05-31 10:00:00,69.22400000,69.78400000,67.46100000,67.79300000,19727928.13258000
2026-05-31 14:00:00,67.79300000,69.32000000,67.51500000,68.62200000,18617471.33560000
2026-05-31 18:00:00,68.62200000,69.34600000,67.68100000,69.29200000,16528822.23186000
2026-05-31 22:00:00,69.29200000,73.21000000,69.00000000,72.10400000,39474399.50377000
2026-06-01 02:00:00,72.10400000,74.30000000,71.68700000,73.53200000,19129780.71879000
2026-06-01 06:00:00,73.53200000,74.07400000,72.05900000,72.38200000,21958991.86373000
2026-06-01 10:00:00,72.38200000,74.06200000,71.43400000,73.17900000,18922805.58306000
2026-06-01 14:00:00,73.17900000,74.76300000,70.37200000,70.97900000,40311661.12942000
2026-06-01 18:00:00,70.97900000,73.97900000,70.51000000,73.81900000,28186344.61319000
2026-06-01 22:00:00,73.81900000,75.84500000,71.75800000,73.66400000,28110542.81575000
2026-06-02 02:00:00,73.66400000,75.71000000,72.72700000,74.64100000,20867191.04545000
2026-06-02 06:00:00,74.64100000,74.99200000,71.32700000,72.10300000,24046829.80735000
2026-06-02 10:00:00,72.10300000,73.06700000,70.63600000,72.60000000,20423415.01971000
2026-06-02 14:00:00,72.60000000,74.05900000,70.60200000,71.98400000,28657769.82591000
2026-06-02 18:00:00,71.98400000,72.89500000,69.00800000,70.86100000,25072155.02512000
2026-06-02 22:00:00,70.86100000,71.70400000,67.84300000,69.83000000,21513875.83480000
2026-06-03 02:00:00,69.83000000,70.95400000,68.47600000,70.63000000,14209459.59333000
2026-06-03 06:00:00,70.63000000,73.69100000,70.60700000,73.07100000,20296120.71688000
2026-06-03 10:00:00,73.07100000,73.54700000,71.64100000,72.34100000,14951671.06285000
2026-06-03 14:00:00,72.34100000,74.04200000,71.71500000,72.11300000,19995607.65383000
2026-06-03 18:00:00,72.11300000,74.59900000,71.41900000,73.44100000,19259906.82969000
2026-06-03 22:00:00,73.44100000,75.80000000,72.07000000,74.57500000,23700641.26286000
2026-06-04 02:00:00,74.57500000,75.54300000,70.42100000,74.01100000,26761587.37795000
2026-06-04 06:00:00,74.01100000,75.05300000,67.80000000,67.84200000,30110257.08587000
2026-06-04 10:00:00,67.84200000,68.94300000,64.87100000,66.59200000,37734542.74576000
2026-06-04 14:00:00,66.59200000,68.55400000,65.37900000,67.46600000,30650608.09421000
2026-06-04 18:00:00,67.46600000,68.94100000,65.78200000,66.47800000,19588485.68707000
2026-06-04 22:00:00,66.47800000,67.77700000,63.06600000,64.43900000,22369852.95086000
2026-06-05 02:00:00,64.43900000,65.98100000,61.55900000,61.76100000,22247301.46906000
2026-06-05 06:00:00,61.76100000,63.82500000,58.94600000,62.72100000,36706765.90117000
2026-06-05 10:00:00,62.72100000,62.71900000,60.82700000,61.69100000,13978654.01635000
2026-06-05 14:00:00,61.69100000,63.46100000,57.20500000,57.77800000,33883155.35924000
2026-06-05 18:00:00,57.77800000,60.37800000,56.67600000,58.56900000,25015148.26992000
2026-06-05 22:00:00,58.56900000,60.68600000,58.09700000,59.78400000,13474195.76336000
2026-06-06 02:00:00,59.78400000,61.17200000,58.68100000,58.85300000,8471300.57426000
2026-06-06 06:00:00,58.85300000,60.46900000,57.40300000,59.89100000,10833924.70539000
2026-06-06 10:00:00,59.89100000,61.00800000,58.19400000,59.63900000,10433641.04511000
2026-06-06 14:00:00,59.63900000,59.93600000,57.61000000,58.29900000,8014162.50303000
2026-06-06 18:00:00,58.29900000,58.70500000,55.54900000,55.55800000,17091206.92014000
2026-06-06 22:00:00,55.55800000,56.99900000,55.46400000,56.49000000,8085903.82890000
2026-06-07 02:00:00,56.49000000,58.43100000,56.10300000,57.81100000,10648210.04218000
2026-06-07 06:00:00,57.81100000,59.99700000,57.51400000,59.84700000,11442867.10390000
2026-06-07 10:00:00,59.84700000,60.41000000,58.49200000,58.85400000,13755177.15839000
2026-06-07 14:00:00,58.85400000,59.17500000,56.61400000,58.44100000,13286709.05850000
2026-06-07 18:00:00,58.44100000,59.46200000,56.85500000,57.56500000,8379943.85478000
2026-06-07 22:00:00,57.56500000,59.88900000,57.44300000,59.70900000,9970543.73588000
2026-06-08 02:00:00,59.70900000,62.07000000,59.28100000,61.29900000,14686963.67188000
2026-06-08 06:00:00,61.29900000,63.41700000,60.13800000,63.03200000,17362578.50273000
2026-06-08 10:00:00,63.03200000,63.14200000,61.03000000,62.13600000,16097592.17931000
2026-06-08 14:00:00,62.13600000,65.80000000,61.25700000,64.81900000,32742593.84969000
2026-06-08 18:00:00,64.81900000,65.02600000,63.36000000,63.68600000,19036618.97660000
2026-06-08 22:00:00,63.68600000,64.52900000,62.75900000,63.81800000,11359034.55590000
2026-06-09 02:00:00,63.81800000,64.11100000,61.30600000,61.63900000,10129327.69059000
2026-06-09 06:00:00,61.63900000,62.57600000,60.86900000,62.23700000,11300119.26349000
2026-06-09 10:00:00,62.23700000,62.90000000,61.46800000,61.79300000,15334867.70133000
2026-06-09 14:00:00,61.79300000,62.32500000,58.63500000,58.90000000,25712522.55295000
2026-06-09 18:00:00,58.90000000,59.47100000,57.87700000,58.57700000,19125958.56460000
2026-06-09 22:00:00,58.57700000,59.47500000,57.12300000,57.76900000,22741725.80753000
2026-06-10 02:00:00,57.76900000,58.15400000,55.60000000,56.60300000,16980643.03156000
2026-06-10 06:00:00,56.60300000,56.64800000,55.06000000,55.71900000,13436713.27029000
2026-06-10 10:00:00,55.71900000,56.60300000,55.22200000,55.64200000,11422842.62081000
2026-06-10 14:00:00,55.64200000,58.33300000,54.77500000,57.47400000,25417186.43309000
2026-06-10 18:00:00,57.47400000,57.50100000,53.60800000,53.92300000,25980980.88942000
2026-06-10 22:00:00,53.92300000,54.28200000,52.62100000,53.31500000,17962559.79108000
2026-06-11 02:00:00,53.31500000,55.31300000,52.85500000,55.15900000,14183495.98830000
2026-06-11 06:00:00,55.15900000,56.37200000,54.35400000,55.57500000,9783581.18704000
2026-06-11 10:00:00,55.57500000,57.14000000,55.51100000,56.83500000,15516930.32907000
2026-06-11 14:00:00,56.83500000,57.56700000,55.71200000,56.72700000,21947062.69362000
2026-06-11 18:00:00,56.72700000,59.60800000,55.82800000,58.64500000,20536984.44549000
2026-06-11 22:00:00,58.64500000,59.58700000,58.13100000,58.95900000,20267669.10294000
2026-06-12 02:00:00,58.95900000,59.75800000,58.20600000,59.23000000,14282046.84231000
2026-06-12 06:00:00,59.23000000,59.45700000,56.79800000,56.97000000,14026153.05896000
2026-06-12 10:00:00,56.97000000,59.59300000,56.95200000,59.22900000,15484501.38442000
